Country Name,Country Code,Time,Time Code,"GNI per capita, Atlas method (current US$) [NY.GNP.PCAP.CD]",Multidimensional poverty headcount ratio (UNDP) (% of population) [SI.POV.MPUN],Prevalence of undernourishment (% of population) [SN.ITK.DEFC.ZS]
Afghanistan,AFG,2017,YR2017,530,..,21.4
Afghanistan,AFG,2018,YR2018,520,..,22.6
Afghanistan,AFG,2019,YR2019,520,..,25.1
Afghanistan,AFG,2020,YR2020,490,..,27.7
Afghanistan,AFG,2021,YR2021,380,..,29.4
Afghanistan,AFG,2022,YR2022,370,..,30.4
Albania,ALB,2017,YR2017,4290,0.7,4.3
Albania,ALB,2018,YR2018,4880,..,4.2
Albania,ALB,2019,YR2019,5280,..,4.3
Albania,ALB,2020,YR2020,5320,..,4.4
Albania,ALB,2021,YR2021,6150,..,4.3
Albania,ALB,2022,YR2022,6820,..,4.5
Algeria,DZA,2017,YR2017,4440,..,2.5
Algeria,DZA,2018,YR2018,4450,1.4,2.5
Algeria,DZA,2019,YR2019,4480,..,2.5
Algeria,DZA,2020,YR2020,4020,..,2.5
Algeria,DZA,2021,YR2021,4120,..,2.5
Algeria,DZA,2022,YR2022,4430,..,2.5
American Samoa,ASM,2017,YR2017,..,..,..
American Samoa,ASM,2018,YR2018,..,..,..
American Samoa,ASM,2019,YR2019,..,..,..
American Samoa,ASM,2020,YR2020,..,..,..
American Samoa,ASM,2021,YR2021,..,..,..
American Samoa,ASM,2022,YR2022,..,..,..
Andorra,AND,2017,YR2017,..,..,..
Andorra,AND,2018,YR2018,..,..,..
Andorra,AND,2019,YR2019,46450,..,..
Andorra,AND,2020,YR2020,42450,..,..
Andorra,AND,2021,YR2021,44720,..,..
Andorra,AND,2022,YR2022,50150,..,..
Angola,AGO,2017,YR2017,2090,..,15.2
Angola,AGO,2018,YR2018,1970,..,15.7
Angola,AGO,2019,YR2019,2110,..,18
Angola,AGO,2020,YR2020,1680,..,20.5
Angola,AGO,2021,YR2021,1640,..,22.1
Angola,AGO,2022,YR2022,1870,..,23.2
Antigua and Barbuda,ATG,2017,YR2017,15820,..,..
Antigua and Barbuda,ATG,2018,YR2018,17460,..,..
Antigua and Barbuda,ATG,2019,YR2019,18240,..,..
Antigua and Barbuda,ATG,2020,YR2020,15370,..,..
Antigua and Barbuda,ATG,2021,YR2021,16670,..,..
Antigua and Barbuda,ATG,2022,YR2022,18900,..,..
Argentina,ARG,2017,YR2017,13070,..,3.4
Argentina,ARG,2018,YR2018,12390,..,3.5
Argentina,ARG,2019,YR2019,11210,0.4,3.5
Argentina,ARG,2020,YR2020,9040,..,3.4
Argentina,ARG,2021,YR2021,10070,..,3.3
Argentina,ARG,2022,YR2022,11820,..,3.2
Armenia,ARM,2017,YR2017,3900,..,2.5
Armenia,ARM,2018,YR2018,4220,..,2.5
Armenia,ARM,2019,YR2019,4650,..,2.5
Armenia,ARM,2020,YR2020,4230,..,2.5
Armenia,ARM,2021,YR2021,4580,..,2.5
Armenia,ARM,2022,YR2022,5680,..,2.5
Aruba,ABW,2017,YR2017,27110,..,..
Aruba,ABW,2018,YR2018,28130,..,..
Aruba,ABW,2019,YR2019,28720,..,..
Aruba,ABW,2020,YR2020,22220,..,..
Aruba,ABW,2021,YR2021,28020,..,..
Aruba,ABW,2022,YR2022,30590,..,..
Australia,AUS,2017,YR2017,51480,..,2.5
Australia,AUS,2018,YR2018,53080,..,2.5
Australia,AUS,2019,YR2019,54890,..,2.5
Australia,AUS,2020,YR2020,53630,..,2.5
Australia,AUS,2021,YR2021,57180,..,2.5
Australia,AUS,2022,YR2022,60710,..,2.5
Austria,AUT,2017,YR2017,45060,..,2.5
Austria,AUT,2018,YR2018,48990,..,2.5
Austria,AUT,2019,YR2019,51050,..,2.5
Austria,AUT,2020,YR2020,49050,..,2.5
Austria,AUT,2021,YR2021,53220,..,2.5
Austria,AUT,2022,YR2022,55930,..,2.5
Azerbaijan,AZE,2017,YR2017,4110,..,2.5
Azerbaijan,AZE,2018,YR2018,4080,..,2.5
Azerbaijan,AZE,2019,YR2019,4510,..,2.5
Azerbaijan,AZE,2020,YR2020,4480,..,2.5
Azerbaijan,AZE,2021,YR2021,4910,..,2.5
Azerbaijan,AZE,2022,YR2022,5670,..,2.5
"Bahamas, The",BHS,2017,YR2017,29040,..,..
"Bahamas, The",BHS,2018,YR2018,30150,..,..
"Bahamas, The",BHS,2019,YR2019,30960,..,..
"Bahamas, The",BHS,2020,YR2020,24180,..,..
"Bahamas, The",BHS,2021,YR2021,28150,..,..
"Bahamas, The",BHS,2022,YR2022,31780,..,..
Bahrain,BHR,2017,YR2017,22360,..,..
Bahrain,BHR,2018,YR2018,24200,..,..
Bahrain,BHR,2019,YR2019,25800,..,..
Bahrain,BHR,2020,YR2020,23870,..,..
Bahrain,BHR,2021,YR2021,25240,..,..
Bahrain,BHR,2022,YR2022,28310,..,..
Bangladesh,BGD,2017,YR2017,1640,..,13.7
Bangladesh,BGD,2018,YR2018,2020,..,12.8
Bangladesh,BGD,2019,YR2019,2220,24.6,11.9
Bangladesh,BGD,2020,YR2020,2320,..,12.1
Bangladesh,BGD,2021,YR2021,2600,..,11.8
Bangladesh,BGD,2022,YR2022,2850,..,11.9
Barbados,BRB,2017,YR2017,18240,..,2.5
Barbados,BRB,2018,YR2018,18820,..,2.5
Barbados,BRB,2019,YR2019,19490,..,2.9
Barbados,BRB,2020,YR2020,17610,..,3.5
Barbados,BRB,2021,YR2021,18320,..,3.9
Barbados,BRB,2022,YR2022,22290,..,3.5
Belarus,BLR,2017,YR2017,5320,..,2.5
Belarus,BLR,2018,YR2018,5730,..,2.5
Belarus,BLR,2019,YR2019,6370,..,2.5
Belarus,BLR,2020,YR2020,6410,..,2.5
Belarus,BLR,2021,YR2021,7040,..,2.5
Belarus,BLR,2022,YR2022,7210,..,2.5
Belgium,BEL,2017,YR2017,42480,..,2.5
Belgium,BEL,2018,YR2018,45980,..,2.5
Belgium,BEL,2019,YR2019,48050,..,2.5
Belgium,BEL,2020,YR2020,46090,..,2.5
Belgium,BEL,2021,YR2021,51210,..,2.5
Belgium,BEL,2022,YR2022,53680,..,2.5
Belize,BLZ,2017,YR2017,5490,..,5.6
Belize,BLZ,2018,YR2018,5630,..,4.9
Belize,BLZ,2019,YR2019,5870,..,4.5
Belize,BLZ,2020,YR2020,5170,..,4.4
Belize,BLZ,2021,YR2021,6090,..,4.3
Belize,BLZ,2022,YR2022,6710,..,4.6
Benin,BEN,2017,YR2017,1020,66.8,10.6
Benin,BEN,2018,YR2018,1120,..,11.4
Benin,BEN,2019,YR2019,1170,..,11.5
Benin,BEN,2020,YR2020,1190,..,10.8
Benin,BEN,2021,YR2021,1280,..,10.4
Benin,BEN,2022,YR2022,1350,..,10.3
Bermuda,BMU,2017,YR2017,113460,..,..
Bermuda,BMU,2018,YR2018,117160,..,..
Bermuda,BMU,2019,YR2019,116920,..,..
Bermuda,BMU,2020,YR2020,110950,..,..
Bermuda,BMU,2021,YR2021,120990,..,..
Bermuda,BMU,2022,YR2022,132240,..,..
Bhutan,BTN,2017,YR2017,2960,..,..
Bhutan,BTN,2018,YR2018,3150,..,..
Bhutan,BTN,2019,YR2019,3370,..,..
Bhutan,BTN,2020,YR2020,3040,..,..
Bhutan,BTN,2021,YR2021,3300,..,..
Bhutan,BTN,2022,YR2022,3600,..,..
Bolivia,BOL,2017,YR2017,3050,..,14.9
Bolivia,BOL,2018,YR2018,3320,..,14.5
Bolivia,BOL,2019,YR2019,3470,..,14.5
Bolivia,BOL,2020,YR2020,3150,..,16.9
Bolivia,BOL,2021,YR2021,3330,..,20.3
Bolivia,BOL,2022,YR2022,3530,..,23
Bosnia and Herzegovina,BIH,2017,YR2017,5070,..,2.5
Bosnia and Herzegovina,BIH,2018,YR2018,5720,..,2.5
Bosnia and Herzegovina,BIH,2019,YR2019,6180,..,2.5
Bosnia and Herzegovina,BIH,2020,YR2020,6160,..,2.5
Bosnia and Herzegovina,BIH,2021,YR2021,6970,..,2.5
Bosnia and Herzegovina,BIH,2022,YR2022,7710,..,2.5
Botswana,BWA,2017,YR2017,6210,..,22
Botswana,BWA,2018,YR2018,6680,..,22
Botswana,BWA,2019,YR2019,7520,..,22.7
Botswana,BWA,2020,YR2020,6600,..,22.9
Botswana,BWA,2021,YR2021,7530,..,24.2
Botswana,BWA,2022,YR2022,8250,..,24.3
Brazil,BRA,2017,YR2017,8830,..,2.5
Brazil,BRA,2018,YR2018,9320,..,2.5
Brazil,BRA,2019,YR2019,9410,..,2.5
Brazil,BRA,2020,YR2020,8080,..,3.4
Brazil,BRA,2021,YR2021,8060,..,4.2
Brazil,BRA,2022,YR2022,8450,..,3.9
British Virgin Islands,VGB,2017,YR2017,..,..,..
British Virgin Islands,VGB,2018,YR2018,..,..,..
British Virgin Islands,VGB,2019,YR2019,..,..,..
British Virgin Islands,VGB,2020,YR2020,..,..,..
British Virgin Islands,VGB,2021,YR2021,..,..,..
British Virgin Islands,VGB,2022,YR2022,..,..,..
Brunei Darussalam,BRN,2017,YR2017,29230,..,..
Brunei Darussalam,BRN,2018,YR2018,28790,..,..
Brunei Darussalam,BRN,2019,YR2019,31550,..,..
Brunei Darussalam,BRN,2020,YR2020,30810,..,..
Brunei Darussalam,BRN,2021,YR2021,29890,..,..
Brunei Darussalam,BRN,2022,YR2022,30970,..,..
Bulgaria,BGR,2017,YR2017,7600,..,3.4
Bulgaria,BGR,2018,YR2018,8490,..,3
Bulgaria,BGR,2019,YR2019,9440,..,3
Bulgaria,BGR,2020,YR2020,9550,..,2.9
Bulgaria,BGR,2021,YR2021,11100,..,2.5
Bulgaria,BGR,2022,YR2022,12770,..,2.5
Burkina Faso,BFA,2017,YR2017,650,..,14
Burkina Faso,BFA,2018,YR2018,730,..,14.5
Burkina Faso,BFA,2019,YR2019,750,..,14.4
Burkina Faso,BFA,2020,YR2020,780,..,15.1
Burkina Faso,BFA,2021,YR2021,830,..,15.1
Burkina Faso,BFA,2022,YR2022,860,..,15.4
Burundi,BDI,2017,YR2017,240,..,..
Burundi,BDI,2018,YR2018,230,..,..
Burundi,BDI,2019,YR2019,220,..,..
Burundi,BDI,2020,YR2020,210,..,..
Burundi,BDI,2021,YR2021,220,..,..
Burundi,BDI,2022,YR2022,230,..,..
Cabo Verde,CPV,2017,YR2017,3620,..,15.9
Cabo Verde,CPV,2018,YR2018,4040,..,15.2
Cabo Verde,CPV,2019,YR2019,4420,..,14
Cabo Verde,CPV,2020,YR2020,3510,..,13.2
Cabo Verde,CPV,2021,YR2021,3870,..,12.6
Cabo Verde,CPV,2022,YR2022,4550,..,12.6
Cambodia,KHM,2017,YR2017,1690,..,6.2
Cambodia,KHM,2018,YR2018,1920,..,5.1
Cambodia,KHM,2019,YR2019,2100,..,4.6
Cambodia,KHM,2020,YR2020,2050,..,4.9
Cambodia,KHM,2021,YR2021,2120,16.6,5
Cambodia,KHM,2022,YR2022,2270,..,4.6
Cameroon,CMR,2017,YR2017,1410,..,5.9
Cameroon,CMR,2018,YR2018,1520,43.6,6.2
Cameroon,CMR,2019,YR2019,1560,..,6.1
Cameroon,CMR,2020,YR2020,1540,..,5.9
Cameroon,CMR,2021,YR2021,1610,..,5.8
Cameroon,CMR,2022,YR2022,1660,..,5.7
Canada,CAN,2017,YR2017,42900,..,2.5
Canada,CAN,2018,YR2018,45060,..,2.5
Canada,CAN,2019,YR2019,46580,..,2.5
Canada,CAN,2020,YR2020,43900,..,2.5
Canada,CAN,2021,YR2021,48780,..,2.5
Canada,CAN,2022,YR2022,53300,..,2.5
Cayman Islands,CYM,2017,YR2017,51890,..,..
Cayman Islands,CYM,2018,YR2018,57880,..,..
Cayman Islands,CYM,2019,YR2019,64520,..,..
Cayman Islands,CYM,2020,YR2020,56260,..,..
Cayman Islands,CYM,2021,YR2021,67650,..,..
Cayman Islands,CYM,2022,YR2022,61780,..,..
Central African Republic,CAF,2017,YR2017,420,..,21.7
Central African Republic,CAF,2018,YR2018,470,80.4,21.4
Central African Republic,CAF,2019,YR2019,500,..,21.4
Central African Republic,CAF,2020,YR2020,490,..,21.8
Central African Republic,CAF,2021,YR2021,510,..,22.7
Central African Republic,CAF,2022,YR2022,520,..,23.5
Chad,TCD,2017,YR2017,620,..,26.6
Chad,TCD,2018,YR2018,650,..,28
Chad,TCD,2019,YR2019,670,84.2,29.7
Chad,TCD,2020,YR2020,640,..,31.8
Chad,TCD,2021,YR2021,630,..,33.6
Chad,TCD,2022,YR2022,660,..,35.1
Channel Islands,CHI,2017,YR2017,..,..,..
Channel Islands,CHI,2018,YR2018,..,..,..
Channel Islands,CHI,2019,YR2019,..,..,..
Channel Islands,CHI,2020,YR2020,..,..,..
Channel Islands,CHI,2021,YR2021,..,..,..
Channel Islands,CHI,2022,YR2022,..,..,..
Chile,CHL,2017,YR2017,13200,..,3.1
Chile,CHL,2018,YR2018,14460,..,3
Chile,CHL,2019,YR2019,14690,..,2.7
Chile,CHL,2020,YR2020,12960,..,2.5
Chile,CHL,2021,YR2021,14790,..,2.5
Chile,CHL,2022,YR2022,15470,..,2.5
China,CHN,2017,YR2017,8670,..,2.5
China,CHN,2018,YR2018,9540,..,2.5
China,CHN,2019,YR2019,10310,..,2.5
China,CHN,2020,YR2020,10520,..,2.5
China,CHN,2021,YR2021,11950,..,2.5
China,CHN,2022,YR2022,12860,..,2.5
Colombia,COL,2017,YR2017,6030,..,4.3
Colombia,COL,2018,YR2018,6350,..,4.3
Colombia,COL,2019,YR2019,6630,..,4.3
Colombia,COL,2020,YR2020,5850,..,4.4
Colombia,COL,2021,YR2021,6260,..,4.2
Colombia,COL,2022,YR2022,6640,..,4.2
Comoros,COM,2017,YR2017,1380,..,13.1
Comoros,COM,2018,YR2018,1490,..,13.1
Comoros,COM,2019,YR2019,1530,..,13.4
Comoros,COM,2020,YR2020,1530,..,13.9
Comoros,COM,2021,YR2021,1590,..,15.7
Comoros,COM,2022,YR2022,1620,..,16.9
"Congo, Dem. Rep.",COD,2017,YR2017,430,64.5,32.4
"Congo, Dem. Rep.",COD,2018,YR2018,460,..,32.3
"Congo, Dem. Rep.",COD,2019,YR2019,490,..,33.8
"Congo, Dem. Rep.",COD,2020,YR2020,520,..,35
"Congo, Dem. Rep.",COD,2021,YR2021,540,..,35.7
"Congo, Dem. Rep.",COD,2022,YR2022,590,..,37
"Congo, Rep.",COG,2017,YR2017,1740,..,30.2
"Congo, Rep.",COG,2018,YR2018,2070,..,29.8
"Congo, Rep.",COG,2019,YR2019,2180,..,29.1
"Congo, Rep.",COG,2020,YR2020,2230,..,27.8
"Congo, Rep.",COG,2021,YR2021,2040,..,27.1
"Congo, Rep.",COG,2022,YR2022,2170,..,26.8
Costa Rica,CRI,2017,YR2017,11580,..,2.5
Costa Rica,CRI,2018,YR2018,12070,0.5,2.5
Costa Rica,CRI,2019,YR2019,12240,..,2.5
Costa Rica,CRI,2020,YR2020,11700,..,2.5
Costa Rica,CRI,2021,YR2021,12630,..,2.5
Costa Rica,CRI,2022,YR2022,13210,..,2.5
Cote d'Ivoire,CIV,2017,YR2017,1870,..,11
Cote d'Ivoire,CIV,2018,YR2018,2010,..,10.2
Cote d'Ivoire,CIV,2019,YR2019,2120,..,9.5
Cote d'Ivoire,CIV,2020,YR2020,2120,..,8.8
Cote d'Ivoire,CIV,2021,YR2021,2300,..,9.1
Cote d'Ivoire,CIV,2022,YR2022,2420,..,9.6
Croatia,HRV,2017,YR2017,13350,..,2.5
Croatia,HRV,2018,YR2018,14670,..,2.5
Croatia,HRV,2019,YR2019,15800,..,2.5
Croatia,HRV,2020,YR2020,15130,..,2.5
Croatia,HRV,2021,YR2021,17420,..,2.5
Croatia,HRV,2022,YR2022,19370,..,2.5
Cuba,CUB,2017,YR2017,8010,..,2.5
Cuba,CUB,2018,YR2018,8710,..,2.5
Cuba,CUB,2019,YR2019,9010,0.7,2.5
Cuba,CUB,2020,YR2020,..,..,2.5
Cuba,CUB,2021,YR2021,..,..,2.5
Cuba,CUB,2022,YR2022,..,..,2.5
Curacao,CUW,2017,YR2017,18230,..,..
Curacao,CUW,2018,YR2018,18820,..,..
Curacao,CUW,2019,YR2019,19140,..,..
Curacao,CUW,2020,YR2020,16250,..,..
Curacao,CUW,2021,YR2021,18130,..,..
Curacao,CUW,2022,YR2022,20450,..,..
Cyprus,CYP,2017,YR2017,25020,..,2.5
Cyprus,CYP,2018,YR2018,27570,..,2.5
Cyprus,CYP,2019,YR2019,28840,..,2.5
Cyprus,CYP,2020,YR2020,27280,..,2.5
Cyprus,CYP,2021,YR2021,30270,..,2.5
Cyprus,CYP,2022,YR2022,33070,..,2.5
Czechia,CZE,2017,YR2017,18240,..,2.5
Czechia,CZE,2018,YR2018,20500,..,2.5
Czechia,CZE,2019,YR2019,22100,..,2.5
Czechia,CZE,2020,YR2020,21770,..,2.5
Czechia,CZE,2021,YR2021,24400,..,2.5
Czechia,CZE,2022,YR2022,26060,..,2.5
Denmark,DNK,2017,YR2017,56600,..,2.5
Denmark,DNK,2018,YR2018,61090,..,2.5
Denmark,DNK,2019,YR2019,63020,..,2.5
Denmark,DNK,2020,YR2020,62710,..,2.5
Denmark,DNK,2021,YR2021,70310,..,2.5
Denmark,DNK,2022,YR2022,73320,..,2.5
Djibouti,DJI,2017,YR2017,2560,..,12.7
Djibouti,DJI,2018,YR2018,2720,..,12.2
Djibouti,DJI,2019,YR2019,2780,..,11.9
Djibouti,DJI,2020,YR2020,2790,..,11.9
Djibouti,DJI,2021,YR2021,3010,..,12.3
Djibouti,DJI,2022,YR2022,3320,..,12.9
Dominica,DMA,2017,YR2017,7600,..,9.4
Dominica,DMA,2018,YR2018,8200,..,10.1
Dominica,DMA,2019,YR2019,8690,..,11.9
Dominica,DMA,2020,YR2020,7630,..,13.4
Dominica,DMA,2021,YR2021,8390,..,14
Dominica,DMA,2022,YR2022,9220,..,13.4
Dominican Republic,DOM,2017,YR2017,6990,..,6
Dominican Republic,DOM,2018,YR2018,7670,..,5.8
Dominican Republic,DOM,2019,YR2019,7980,2.3,6.3
Dominican Republic,DOM,2020,YR2020,7160,..,6.2
Dominican Republic,DOM,2021,YR2021,8090,..,5.8
Dominican Republic,DOM,2022,YR2022,9070,..,4.6
Ecuador,ECU,2017,YR2017,5930,..,10.1
Ecuador,ECU,2018,YR2018,6120,2.1,11.1
Ecuador,ECU,2019,YR2019,6100,..,12.6
Ecuador,ECU,2020,YR2020,5410,..,13.6
Ecuador,ECU,2021,YR2021,6120,..,14
Ecuador,ECU,2022,YR2022,6590,..,13.9
"Egypt, Arab Rep.",EGY,2017,YR2017,2880,..,6.9
"Egypt, Arab Rep.",EGY,2018,YR2018,2710,..,6.8
"Egypt, Arab Rep.",EGY,2019,YR2019,2640,..,6.7
"Egypt, Arab Rep.",EGY,2020,YR2020,2960,..,6.9
"Egypt, Arab Rep.",EGY,2021,YR2021,3470,..,7.6
"Egypt, Arab Rep.",EGY,2022,YR2022,4040,..,8.5
El Salvador,SLV,2017,YR2017,3700,..,7.6
El Salvador,SLV,2018,YR2018,3940,..,6.9
El Salvador,SLV,2019,YR2019,4130,..,6.9
El Salvador,SLV,2020,YR2020,3800,..,6.6
El Salvador,SLV,2021,YR2021,4380,..,7.1
El Salvador,SLV,2022,YR2022,4710,..,6.8
Equatorial Guinea,GNQ,2017,YR2017,5260,..,..
Equatorial Guinea,GNQ,2018,YR2018,5450,..,..
Equatorial Guinea,GNQ,2019,YR2019,5130,..,..
Equatorial Guinea,GNQ,2020,YR2020,4790,..,..
Equatorial Guinea,GNQ,2021,YR2021,4820,..,..
Equatorial Guinea,GNQ,2022,YR2022,4570,..,..
Eritrea,ERI,2017,YR2017,..,..,..
Eritrea,ERI,2018,YR2018,..,..,..
Eritrea,ERI,2019,YR2019,..,..,..
Eritrea,ERI,2020,YR2020,..,..,..
Eritrea,ERI,2021,YR2021,..,..,..
Eritrea,ERI,2022,YR2022,..,..,..
Estonia,EST,2017,YR2017,18730,..,2.5
Estonia,EST,2018,YR2018,21160,..,2.5
Estonia,EST,2019,YR2019,23060,..,2.5
Estonia,EST,2020,YR2020,23230,..,2.5
Estonia,EST,2021,YR2021,26260,..,2.5
Estonia,EST,2022,YR2022,27290,..,2.5
Eswatini,SWZ,2017,YR2017,3250,..,14.7
Eswatini,SWZ,2018,YR2018,3460,..,13.2
Eswatini,SWZ,2019,YR2019,3650,..,11.6
Eswatini,SWZ,2020,YR2020,3400,..,11.3
Eswatini,SWZ,2021,YR2021,3570,..,11.6
Eswatini,SWZ,2022,YR2022,3590,..,12.4
Ethiopia,ETH,2017,YR2017,710,..,15.4
Ethiopia,ETH,2018,YR2018,770,..,17.9
Ethiopia,ETH,2019,YR2019,820,68.7,20.9
Ethiopia,ETH,2020,YR2020,860,..,23
Ethiopia,ETH,2021,YR2021,930,..,23.5
Ethiopia,ETH,2022,YR2022,1010,..,22.2
Faroe Islands,FRO,2017,YR2017,57920,..,..
Faroe Islands,FRO,2018,YR2018,62900,..,..
Faroe Islands,FRO,2019,YR2019,66010,..,..
Faroe Islands,FRO,2020,YR2020,64200,..,..
Faroe Islands,FRO,2021,YR2021,70020,..,..
Faroe Islands,FRO,2022,YR2022,72330,..,..
Fiji,FJI,2017,YR2017,5120,..,7.2
Fiji,FJI,2018,YR2018,5690,..,6.3
Fiji,FJI,2019,YR2019,5620,..,5.5
Fiji,FJI,2020,YR2020,4680,..,6.2
Fiji,FJI,2021,YR2021,4520,1.5,6.9
Fiji,FJI,2022,YR2022,5440,..,7.8
Finland,FIN,2017,YR2017,44840,..,2.5
Finland,FIN,2018,YR2018,48220,..,2.5
Finland,FIN,2019,YR2019,49950,..,2.5
Finland,FIN,2020,YR2020,50030,..,2.5
Finland,FIN,2021,YR2021,53200,..,2.5
Finland,FIN,2022,YR2022,54710,..,2.5
France,FRA,2017,YR2017,38300,..,2.5
France,FRA,2018,YR2018,41130,..,2.5
France,FRA,2019,YR2019,42470,..,2.5
France,FRA,2020,YR2020,39200,..,2.5
France,FRA,2021,YR2021,43800,..,2.5
France,FRA,2022,YR2022,45180,..,2.5
French Polynesia,PYF,2017,YR2017,..,..,6.6
French Polynesia,PYF,2018,YR2018,..,..,6.4
French Polynesia,PYF,2019,YR2019,..,..,5.8
French Polynesia,PYF,2020,YR2020,..,..,5.2
French Polynesia,PYF,2021,YR2021,..,..,5
French Polynesia,PYF,2022,YR2022,..,..,5.4
Gabon,GAB,2017,YR2017,6230,..,16.5
Gabon,GAB,2018,YR2018,6540,..,17.6
Gabon,GAB,2019,YR2019,6870,..,18.8
Gabon,GAB,2020,YR2020,6730,..,19.7
Gabon,GAB,2021,YR2021,6520,..,20.1
Gabon,GAB,2022,YR2022,7480,..,20.1
"Gambia, The",GMB,2017,YR2017,620,..,13.4
"Gambia, The",GMB,2018,YR2018,680,..,14.2
"Gambia, The",GMB,2019,YR2019,720,41.7,15.9
"Gambia, The",GMB,2020,YR2020,720,..,17.1
"Gambia, The",GMB,2021,YR2021,760,..,19.3
"Gambia, The",GMB,2022,YR2022,830,..,20.5
Georgia,GEO,2017,YR2017,4130,..,6.6
Georgia,GEO,2018,YR2018,4580,0.3,5.5
Georgia,GEO,2019,YR2019,4780,..,5.4
Georgia,GEO,2020,YR2020,4330,..,5.2
Georgia,GEO,2021,YR2021,4760,..,5.2
Georgia,GEO,2022,YR2022,5690,..,4
Germany,DEU,2017,YR2017,43780,..,2.5
Germany,DEU,2018,YR2018,47540,..,2.5
Germany,DEU,2019,YR2019,49470,..,2.5
Germany,DEU,2020,YR2020,48020,..,2.5
Germany,DEU,2021,YR2021,52140,..,2.5
Germany,DEU,2022,YR2022,53800,..,2.5
Ghana,GHA,2017,YR2017,1830,24.6,9
Ghana,GHA,2018,YR2018,2060,..,7.8
Ghana,GHA,2019,YR2019,2170,..,6.9
Ghana,GHA,2020,YR2020,2250,..,6
Ghana,GHA,2021,YR2021,2310,..,5.9
Ghana,GHA,2022,YR2022,2400,..,6.2
Gibraltar,GIB,2017,YR2017,..,..,..
Gibraltar,GIB,2018,YR2018,..,..,..
Gibraltar,GIB,2019,YR2019,..,..,..
Gibraltar,GIB,2020,YR2020,..,..,..
Gibraltar,GIB,2021,YR2021,..,..,..
Gibraltar,GIB,2022,YR2022,..,..,..
Greece,GRC,2017,YR2017,17960,..,2.5
Greece,GRC,2018,YR2018,19100,..,2.5
Greece,GRC,2019,YR2019,19690,..,2.5
Greece,GRC,2020,YR2020,17870,..,2.5
Greece,GRC,2021,YR2021,20000,..,2.5
Greece,GRC,2022,YR2022,21970,..,2.5
Greenland,GRL,2017,YR2017,..,..,..
Greenland,GRL,2018,YR2018,..,..,..
Greenland,GRL,2019,YR2019,..,..,..
Greenland,GRL,2020,YR2020,..,..,..
Greenland,GRL,2021,YR2021,..,..,..
Greenland,GRL,2022,YR2022,..,..,..
Grenada,GRD,2017,YR2017,8400,..,..
Grenada,GRD,2018,YR2018,9220,..,..
Grenada,GRD,2019,YR2019,9400,..,..
Grenada,GRD,2020,YR2020,8390,..,..
Grenada,GRD,2021,YR2021,8890,..,..
Grenada,GRD,2022,YR2022,10030,..,..
Guam,GUM,2017,YR2017,..,..,..
Guam,GUM,2018,YR2018,..,..,..
Guam,GUM,2019,YR2019,..,..,..
Guam,GUM,2020,YR2020,..,..,..
Guam,GUM,2021,YR2021,..,..,..
Guam,GUM,2022,YR2022,..,..,..
Guatemala,GTM,2017,YR2017,3980,..,14.4
Guatemala,GTM,2018,YR2018,4270,..,14.1
Guatemala,GTM,2019,YR2019,4490,..,14.1
Guatemala,GTM,2020,YR2020,4360,..,13.6
Guatemala,GTM,2021,YR2021,4800,..,13.2
Guatemala,GTM,2022,YR2022,5220,..,12.6
Guinea,GIN,2017,YR2017,800,..,13.2
Guinea,GIN,2018,YR2018,860,66.2,12.6
Guinea,GIN,2019,YR2019,970,..,11.7
Guinea,GIN,2020,YR2020,1030,..,10.4
Guinea,GIN,2021,YR2021,1120,..,9.9
Guinea,GIN,2022,YR2022,1280,..,10.3
Guinea-Bissau,GNB,2017,YR2017,710,..,27.9
Guinea-Bissau,GNB,2018,YR2018,750,64.4,28
Guinea-Bissau,GNB,2019,YR2019,850,..,30.7
Guinea-Bissau,GNB,2020,YR2020,840,..,31.7
Guinea-Bissau,GNB,2021,YR2021,890,..,32.4
Guinea-Bissau,GNB,2022,YR2022,920,..,32.2
Guyana,GUY,2017,YR2017,5870,..,3.1
Guyana,GUY,2018,YR2018,6100,..,3
Guyana,GUY,2019,YR2019,6380,1.8,2.8
Guyana,GUY,2020,YR2020,8090,..,2.6
Guyana,GUY,2021,YR2021,7810,..,2.5
Guyana,GUY,2022,YR2022,9780,..,2.5
Haiti,HTI,2017,YR2017,1370,..,40.6
Haiti,HTI,2018,YR2018,1430,..,41.6
Haiti,HTI,2019,YR2019,1410,..,43.6
Haiti,HTI,2020,YR2020,1340,..,45.1
Haiti,HTI,2021,YR2021,1450,..,48.2
Haiti,HTI,2022,YR2022,1620,..,50.4
Honduras,HND,2017,YR2017,2210,..,13.9
Honduras,HND,2018,YR2018,2280,..,13.7
Honduras,HND,2019,YR2019,2330,12,14
Honduras,HND,2020,YR2020,2120,..,15.8
Honduras,HND,2021,YR2021,2440,..,18.4
Honduras,HND,2022,YR2022,2700,..,20.4
"Hong Kong SAR, China",HKG,2017,YR2017,46380,..,2.5
"Hong Kong SAR, China",HKG,2018,YR2018,50050,..,2.5
"Hong Kong SAR, China",HKG,2019,YR2019,50480,..,2.5
"Hong Kong SAR, China",HKG,2020,YR2020,48550,..,2.5
"Hong Kong SAR, China",HKG,2021,YR2021,54380,..,2.5
"Hong Kong SAR, China",HKG,2022,YR2022,54000,..,2.5
Hungary,HUN,2017,YR2017,13180,..,2.5
Hungary,HUN,2018,YR2018,14980,..,2.5
Hungary,HUN,2019,YR2019,16570,..,2.5
Hungary,HUN,2020,YR2020,16040,..,2.5
Hungary,HUN,2021,YR2021,17740,..,2.5
Hungary,HUN,2022,YR2022,19050,..,2.5
Iceland,ISL,2017,YR2017,62450,..,2.5
Iceland,ISL,2018,YR2018,72600,..,2.5
Iceland,ISL,2019,YR2019,75160,..,2.5
Iceland,ISL,2020,YR2020,65820,..,2.5
Iceland,ISL,2021,YR2021,67030,..,2.5
Iceland,ISL,2022,YR2022,73720,..,2.5
India,IND,2017,YR2017,1790,..,10.5
India,IND,2018,YR2018,1970,..,10.3
India,IND,2019,YR2019,2070,16.4,11.6
India,IND,2020,YR2020,1900,..,13.1
India,IND,2021,YR2021,2170,..,14
India,IND,2022,YR2022,2380,..,13.7
Indonesia,IDN,2017,YR2017,3490,3.6,6
Indonesia,IDN,2018,YR2018,3810,..,5.9
Indonesia,IDN,2019,YR2019,4020,..,6.2
Indonesia,IDN,2020,YR2020,3850,..,6.3
Indonesia,IDN,2021,YR2021,4130,..,6.8
Indonesia,IDN,2022,YR2022,4520,..,7.2
"Iran, Islamic Rep.",IRN,2017,YR2017,5470,..,7.6
"Iran, Islamic Rep.",IRN,2018,YR2018,5250,..,7.6
"Iran, Islamic Rep.",IRN,2019,YR2019,4530,..,7.3
"Iran, Islamic Rep.",IRN,2020,YR2020,3740,..,6.5
"Iran, Islamic Rep.",IRN,2021,YR2021,3880,..,6.5
"Iran, Islamic Rep.",IRN,2022,YR2022,4110,..,6.5
Iraq,IRQ,2017,YR2017,4430,..,16.6
Iraq,IRQ,2018,YR2018,4820,8.6,16.4
Iraq,IRQ,2019,YR2019,5520,..,16.1
Iraq,IRQ,2020,YR2020,4720,..,15.8
Iraq,IRQ,2021,YR2021,4740,..,16
Iraq,IRQ,2022,YR2022,5490,..,16.1
Ireland,IRL,2017,YR2017,53660,..,2.5
Ireland,IRL,2018,YR2018,59520,..,2.5
Ireland,IRL,2019,YR2019,63590,..,2.5
Ireland,IRL,2020,YR2020,66310,..,2.5
Ireland,IRL,2021,YR2021,76130,..,2.5
Ireland,IRL,2022,YR2022,78890,..,2.5
Isle of Man,IMN,2017,YR2017,77890,..,..
Isle of Man,IMN,2018,YR2018,83430,..,..
Isle of Man,IMN,2019,YR2019,84470,..,..
Isle of Man,IMN,2020,YR2020,79280,..,..
Isle of Man,IMN,2021,YR2021,76440,..,..
Isle of Man,IMN,2022,YR2022,..,..,..
Israel,ISR,2017,YR2017,38190,..,2.5
Israel,ISR,2018,YR2018,41550,..,2.5
Israel,ISR,2019,YR2019,43800,..,2.5
Israel,ISR,2020,YR2020,43130,..,2.5
Israel,ISR,2021,YR2021,49380,..,2.5
Israel,ISR,2022,YR2022,55120,..,2.5
Italy,ITA,2017,YR2017,31370,..,2.5
Italy,ITA,2018,YR2018,33850,..,2.5
Italy,ITA,2019,YR2019,34890,..,2.5
Italy,ITA,2020,YR2020,32430,..,2.5
Italy,ITA,2021,YR2021,36410,..,2.5
Italy,ITA,2022,YR2022,38330,..,2.5
Jamaica,JAM,2017,YR2017,4930,..,7.2
Jamaica,JAM,2018,YR2018,5210,2.8,6.2
Jamaica,JAM,2019,YR2019,5480,..,6.7
Jamaica,JAM,2020,YR2020,4880,..,7
Jamaica,JAM,2021,YR2021,5180,..,7.6
Jamaica,JAM,2022,YR2022,5730,..,7.3
Japan,JPN,2017,YR2017,38930,..,2.7
Japan,JPN,2018,YR2018,41800,..,2.6
Japan,JPN,2019,YR2019,41970,..,2.8
Japan,JPN,2020,YR2020,40940,..,2.9
Japan,JPN,2021,YR2021,43670,..,3.2
Japan,JPN,2022,YR2022,42550,..,3.4
Jordan,JOR,2017,YR2017,3920,0.4,9.1
Jordan,JOR,2018,YR2018,4090,..,10.7
Jordan,JOR,2019,YR2019,4190,..,13.1
Jordan,JOR,2020,YR2020,4070,..,15.8
Jordan,JOR,2021,YR2021,4240,..,17.3
Jordan,JOR,2022,YR2022,4370,..,17.9
Kazakhstan,KAZ,2017,YR2017,7780,..,2.5
Kazakhstan,KAZ,2018,YR2018,7790,..,2.5
Kazakhstan,KAZ,2019,YR2019,8500,..,2.5
Kazakhstan,KAZ,2020,YR2020,8380,..,2.5
Kazakhstan,KAZ,2021,YR2021,8540,..,2.5
Kazakhstan,KAZ,2022,YR2022,9420,..,2.5
Kenya,KEN,2017,YR2017,1540,..,23.2
Kenya,KEN,2018,YR2018,1720,..,22.6
Kenya,KEN,2019,YR2019,1880,..,23.4
Kenya,KEN,2020,YR2020,1910,..,26
Kenya,KEN,2021,YR2021,2070,..,31.1
Kenya,KEN,2022,YR2022,2170,..,34.5
Kiribati,KIR,2017,YR2017,3130,..,3
Kiribati,KIR,2018,YR2018,3280,19.8,3.2
Kiribati,KIR,2019,YR2019,3610,..,3.5
Kiribati,KIR,2020,YR2020,3090,..,3.8
Kiribati,KIR,2021,YR2021,3170,..,3.8
Kiribati,KIR,2022,YR2022,3340,..,3.7
"Korea, Dem. People's Rep.",PRK,2017,YR2017,..,..,45.8
"Korea, Dem. People's Rep.",PRK,2018,YR2018,..,..,45.3
"Korea, Dem. People's Rep.",PRK,2019,YR2019,..,..,..
"Korea, Dem. People's Rep.",PRK,2020,YR2020,..,..,..
"Korea, Dem. People's Rep.",PRK,2021,YR2021,..,..,..
"Korea, Dem. People's Rep.",PRK,2022,YR2022,..,..,..
"Korea, Rep.",KOR,2017,YR2017,30290,..,2.5
"Korea, Rep.",KOR,2018,YR2018,32740,..,2.5
"Korea, Rep.",KOR,2019,YR2019,33830,..,2.5
"Korea, Rep.",KOR,2020,YR2020,33040,..,2.5
"Korea, Rep.",KOR,2021,YR2021,35180,..,2.5
"Korea, Rep.",KOR,2022,YR2022,36160,..,2.5
Kosovo,XKX,2017,YR2017,3950,..,..
Kosovo,XKX,2018,YR2018,4300,..,..
Kosovo,XKX,2019,YR2019,4640,..,..
Kosovo,XKX,2020,YR2020,4440,..,..
Kosovo,XKX,2021,YR2021,5130,..,..
Kosovo,XKX,2022,YR2022,5600,..,..
Kuwait,KWT,2017,YR2017,30650,..,2.5
Kuwait,KWT,2018,YR2018,32340,..,2.5
Kuwait,KWT,2019,YR2019,35680,..,2.5
Kuwait,KWT,2020,YR2020,33160,..,2.5
Kuwait,KWT,2021,YR2021,36140,..,2.5
Kuwait,KWT,2022,YR2022,39000,..,2.5
Kyrgyz Republic,KGZ,2017,YR2017,1090,..,5.3
Kyrgyz Republic,KGZ,2018,YR2018,1200,0.4,4.7
Kyrgyz Republic,KGZ,2019,YR2019,1240,..,4.6
Kyrgyz Republic,KGZ,2020,YR2020,1210,..,5.1
Kyrgyz Republic,KGZ,2021,YR2021,1270,..,5.5
Kyrgyz Republic,KGZ,2022,YR2022,1540,..,6.1
Lao PDR,LAO,2017,YR2017,2240,23.1,6.8
Lao PDR,LAO,2018,YR2018,2460,..,6.5
Lao PDR,LAO,2019,YR2019,2520,..,6.5
Lao PDR,LAO,2020,YR2020,2470,..,6.3
Lao PDR,LAO,2021,YR2021,2500,..,5.9
Lao PDR,LAO,2022,YR2022,2300,..,5.4
Latvia,LVA,2017,YR2017,14900,..,2.5
Latvia,LVA,2018,YR2018,16590,..,2.5
Latvia,LVA,2019,YR2019,17580,..,2.5
Latvia,LVA,2020,YR2020,17860,..,2.5
Latvia,LVA,2021,YR2021,19950,..,2.5
Latvia,LVA,2022,YR2022,22260,..,2.5
Lebanon,LBN,2017,YR2017,8260,..,5.6
Lebanon,LBN,2018,YR2018,8700,..,5.7
Lebanon,LBN,2019,YR2019,8630,..,7.1
Lebanon,LBN,2020,YR2020,6350,..,8.9
Lebanon,LBN,2021,YR2021,4770,..,10.2
Lebanon,LBN,2022,YR2022,4170,..,9.6
Lesotho,LSO,2017,YR2017,1160,..,..
Lesotho,LSO,2018,YR2018,1250,19.6,..
Lesotho,LSO,2019,YR2019,1310,..,..
Lesotho,LSO,2020,YR2020,1170,..,..
Lesotho,LSO,2021,YR2021,1190,..,..
Lesotho,LSO,2022,YR2022,1270,..,..
Liberia,LBR,2017,YR2017,620,..,34.7
Liberia,LBR,2018,YR2018,620,..,35.2
Liberia,LBR,2019,YR2019,600,52.3,36.5
Liberia,LBR,2020,YR2020,570,..,37.5
Liberia,LBR,2021,YR2021,630,..,38.3
Liberia,LBR,2022,YR2022,680,..,38.4
Libya,LBY,2017,YR2017,9760,..,8.4
Libya,LBY,2018,YR2018,11000,..,8.8
Libya,LBY,2019,YR2019,10100,..,9.9
Libya,LBY,2020,YR2020,7010,..,11
Libya,LBY,2021,YR2021,6930,..,11.9
Libya,LBY,2022,YR2022,5960,..,11.4
Liechtenstein,LIE,2017,YR2017,..,..,..
Liechtenstein,LIE,2018,YR2018,..,..,..
Liechtenstein,LIE,2019,YR2019,..,..,..
Liechtenstein,LIE,2020,YR2020,..,..,..
Liechtenstein,LIE,2021,YR2021,..,..,..
Liechtenstein,LIE,2022,YR2022,..,..,..
Lithuania,LTU,2017,YR2017,15330,..,2.5
Lithuania,LTU,2018,YR2018,17470,..,2.5
Lithuania,LTU,2019,YR2019,19130,..,2.5
Lithuania,LTU,2020,YR2020,19710,..,2.5
Lithuania,LTU,2021,YR2021,21910,..,2.5
Lithuania,LTU,2022,YR2022,23970,..,2.5
Luxembourg,LUX,2017,YR2017,75800,..,2.5
Luxembourg,LUX,2018,YR2018,79770,..,2.5
Luxembourg,LUX,2019,YR2019,79180,..,2.5
Luxembourg,LUX,2020,YR2020,80980,..,2.5
Luxembourg,LUX,2021,YR2021,87610,..,2.5
Luxembourg,LUX,2022,YR2022,89200,..,2.5
"Macao SAR, China",MAC,2017,YR2017,67080,..,6
"Macao SAR, China",MAC,2018,YR2018,73140,..,5.9
"Macao SAR, China",MAC,2019,YR2019,71920,..,7.2
"Macao SAR, China",MAC,2020,YR2020,43830,..,8.7
"Macao SAR, China",MAC,2021,YR2021,46810,..,10.3
"Macao SAR, China",MAC,2022,YR2022,45960,..,10.7
Madagascar,MDG,2017,YR2017,450,..,33.3
Madagascar,MDG,2018,YR2018,470,..,34.6
Madagascar,MDG,2019,YR2019,490,..,36
Madagascar,MDG,2020,YR2020,450,..,37.6
Madagascar,MDG,2021,YR2021,480,68.4,38.9
Madagascar,MDG,2022,YR2022,500,..,39.7
Malawi,MWI,2017,YR2017,480,..,16.8
Malawi,MWI,2018,YR2018,490,..,17.4
Malawi,MWI,2019,YR2019,540,49.9,18.5
Malawi,MWI,2020,YR2020,560,..,19
Malawi,MWI,2021,YR2021,600,..,19.4
Malawi,MWI,2022,YR2022,610,..,19.9
Malaysia,MYS,2017,YR2017,9560,..,2.7
Malaysia,MYS,2018,YR2018,10200,..,2.5
Malaysia,MYS,2019,YR2019,10750,..,2.5
Malaysia,MYS,2020,YR2020,10110,..,2.5
Malaysia,MYS,2021,YR2021,10520,..,2.5
Malaysia,MYS,2022,YR2022,11610,..,2.5
Maldives,MDV,2017,YR2017,9400,..,..
Maldives,MDV,2018,YR2018,10220,..,..
Maldives,MDV,2019,YR2019,10750,..,..
Maldives,MDV,2020,YR2020,7060,..,..
Maldives,MDV,2021,YR2021,9350,..,..
Maldives,MDV,2022,YR2022,10570,..,..
Mali,MLI,2017,YR2017,720,..,4.6
Mali,MLI,2018,YR2018,780,68.3,4.6
Mali,MLI,2019,YR2019,800,..,4.7
Mali,MLI,2020,YR2020,780,..,4.6
Mali,MLI,2021,YR2021,800,..,7.1
Mali,MLI,2022,YR2022,830,..,9.6
Malta,MLT,2017,YR2017,26640,..,2.5
Malta,MLT,2018,YR2018,28990,..,2.5
Malta,MLT,2019,YR2019,29820,..,2.5
Malta,MLT,2020,YR2020,28110,..,2.5
Malta,MLT,2021,YR2021,32630,..,2.5
Malta,MLT,2022,YR2022,33310,..,2.5
Marshall Islands,MHL,2017,YR2017,5310,..,..
Marshall Islands,MHL,2018,YR2018,6040,..,..
Marshall Islands,MHL,2019,YR2019,6770,..,..
Marshall Islands,MHL,2020,YR2020,6610,..,..
Marshall Islands,MHL,2021,YR2021,6660,..,..
Marshall Islands,MHL,2022,YR2022,7500,..,..
Mauritania,MRT,2017,YR2017,1550,..,6.9
Mauritania,MRT,2018,YR2018,1680,..,6.8
Mauritania,MRT,2019,YR2019,1720,58.4,7
Mauritania,MRT,2020,YR2020,1720,..,7.5
Mauritania,MRT,2021,YR2021,1810,..,8.3
Mauritania,MRT,2022,YR2022,2010,..,9.3
Mauritius,MUS,2017,YR2017,10560,..,7
Mauritius,MUS,2018,YR2018,11910,..,6.8
Mauritius,MUS,2019,YR2019,12440,..,7.2
Mauritius,MUS,2020,YR2020,10220,..,7.2
Mauritius,MUS,2021,YR2021,10280,..,6.7
Mauritius,MUS,2022,YR2022,11010,..,5.9
Mexico,MEX,2017,YR2017,9270,..,3.8
Mexico,MEX,2018,YR2018,9560,..,3.6
Mexico,MEX,2019,YR2019,9860,..,3.5
Mexico,MEX,2020,YR2020,8920,..,3.2
Mexico,MEX,2021,YR2021,9880,4.1,3.2
Mexico,MEX,2022,YR2022,10720,..,3.1
"Micronesia, Fed. Sts.",FSM,2017,YR2017,3430,..,..
"Micronesia, Fed. Sts.",FSM,2018,YR2018,3380,..,..
"Micronesia, Fed. Sts.",FSM,2019,YR2019,4050,..,..
"Micronesia, Fed. Sts.",FSM,2020,YR2020,3980,..,..
"Micronesia, Fed. Sts.",FSM,2021,YR2021,4020,..,..
"Micronesia, Fed. Sts.",FSM,2022,YR2022,4130,..,..
Moldova,MDA,2017,YR2017,3300,..,2.5
Moldova,MDA,2018,YR2018,3850,..,2.5
Moldova,MDA,2019,YR2019,4490,..,2.5
Moldova,MDA,2020,YR2020,4360,..,2.5
Moldova,MDA,2021,YR2021,5270,..,2.5
Moldova,MDA,2022,YR2022,5520,..,2.5
Monaco,MCO,2017,YR2017,..,..,..
Monaco,MCO,2018,YR2018,..,..,..
Monaco,MCO,2019,YR2019,..,..,..
Monaco,MCO,2020,YR2020,..,..,..
Monaco,MCO,2021,YR2021,..,..,..
Monaco,MCO,2022,YR2022,..,..,..
Mongolia,MNG,2017,YR2017,3200,..,6.9
Mongolia,MNG,2018,YR2018,3650,7.3,6.3
Mongolia,MNG,2019,YR2019,3800,..,5.1
Mongolia,MNG,2020,YR2020,3690,..,4.3
Mongolia,MNG,2021,YR2021,3690,..,3
Mongolia,MNG,2022,YR2022,4210,..,2.5
Montenegro,MNE,2017,YR2017,7410,..,2.5
Montenegro,MNE,2018,YR2018,8450,1.2,2.5
Montenegro,MNE,2019,YR2019,9140,..,2.5
Montenegro,MNE,2020,YR2020,7900,..,2.5
Montenegro,MNE,2021,YR2021,9370,..,2.5
Montenegro,MNE,2022,YR2022,10480,..,2.5
Morocco,MAR,2017,YR2017,3160,6.4,3.5
Morocco,MAR,2018,YR2018,3380,..,3.6
Morocco,MAR,2019,YR2019,3510,..,4.1
Morocco,MAR,2020,YR2020,3260,..,5.3
Morocco,MAR,2021,YR2021,3630,..,6.4
Morocco,MAR,2022,YR2022,3690,..,6.9
Mozambique,MOZ,2017,YR2017,480,..,41.1
Mozambique,MOZ,2018,YR2018,470,..,35.3
Mozambique,MOZ,2019,YR2019,500,61.9,30.9
Mozambique,MOZ,2020,YR2020,480,..,28.3
Mozambique,MOZ,2021,YR2021,490,..,26.3
Mozambique,MOZ,2022,YR2022,500,..,24.8
Myanmar,MMR,2017,YR2017,1230,..,3.8
Myanmar,MMR,2018,YR2018,1310,..,3.6
Myanmar,MMR,2019,YR2019,1380,..,3.4
Myanmar,MMR,2020,YR2020,1320,..,4
Myanmar,MMR,2021,YR2021,1240,..,4.6
Myanmar,MMR,2022,YR2022,1290,..,5.3
Namibia,NAM,2017,YR2017,4430,..,20.2
Namibia,NAM,2018,YR2018,4670,..,19.4
Namibia,NAM,2019,YR2019,4870,..,19.1
Namibia,NAM,2020,YR2020,4240,..,19.1
Namibia,NAM,2021,YR2021,4140,..,20.5
Namibia,NAM,2022,YR2022,4300,..,22.2
Nauru,NRU,2017,YR2017,11310,..,..
Nauru,NRU,2018,YR2018,12690,..,..
Nauru,NRU,2019,YR2019,15790,..,..
Nauru,NRU,2020,YR2020,17210,..,..
Nauru,NRU,2021,YR2021,19400,..,..
Nauru,NRU,2022,YR2022,22520,..,..
Nepal,NPL,2017,YR2017,970,..,5.1
Nepal,NPL,2018,YR2018,1120,..,5
Nepal,NPL,2019,YR2019,1240,17.5,5.2
Nepal,NPL,2020,YR2020,1190,..,5.6
Nepal,NPL,2021,YR2021,1250,..,5.7
Nepal,NPL,2022,YR2022,1380,..,5.7
Netherlands,NLD,2017,YR2017,46200,..,2.5
Netherlands,NLD,2018,YR2018,50480,..,2.5
Netherlands,NLD,2019,YR2019,51920,..,2.5
Netherlands,NLD,2020,YR2020,50030,..,2.5
Netherlands,NLD,2021,YR2021,58150,..,2.5
Netherlands,NLD,2022,YR2022,60030,..,2.5
New Caledonia,NCL,2017,YR2017,..,..,7.7
New Caledonia,NCL,2018,YR2018,..,..,7.1
New Caledonia,NCL,2019,YR2019,35550,..,6.6
New Caledonia,NCL,2020,YR2020,34890,..,6
New Caledonia,NCL,2021,YR2021,35430,..,5.7
New Caledonia,NCL,2022,YR2022,..,..,5.6
New Zealand,NZL,2017,YR2017,38810,..,2.5
New Zealand,NZL,2018,YR2018,41650,..,2.5
New Zealand,NZL,2019,YR2019,43050,..,2.5
New Zealand,NZL,2020,YR2020,41660,..,2.5
New Zealand,NZL,2021,YR2021,45520,..,2.5
New Zealand,NZL,2022,YR2022,48530,..,2.5
Nicaragua,NIC,2017,YR2017,2050,..,17.6
Nicaragua,NIC,2018,YR2018,1990,..,17.6
Nicaragua,NIC,2019,YR2019,1930,..,17.8
Nicaragua,NIC,2020,YR2020,1810,..,18.7
Nicaragua,NIC,2021,YR2021,2030,..,19.2
Nicaragua,NIC,2022,YR2022,2160,..,19.6
Niger,NER,2017,YR2017,520,..,11.8
Niger,NER,2018,YR2018,580,..,11.7
Niger,NER,2019,YR2019,610,..,11
Niger,NER,2020,YR2020,560,..,12
Niger,NER,2021,YR2021,600,..,12.5
Niger,NER,2022,YR2022,600,..,13.3
Nigeria,NGA,2017,YR2017,2020,..,11.3
Nigeria,NGA,2018,YR2018,1950,..,11.8
Nigeria,NGA,2019,YR2019,2050,..,13.6
Nigeria,NGA,2020,YR2020,2060,..,15.1
Nigeria,NGA,2021,YR2021,2110,33,17
Nigeria,NGA,2022,YR2022,2120,..,18
North Macedonia,MKD,2017,YR2017,5390,..,3.2
North Macedonia,MKD,2018,YR2018,6050,0.4,2.9
North Macedonia,MKD,2019,YR2019,6520,..,3.1
North Macedonia,MKD,2020,YR2020,6460,..,3
North Macedonia,MKD,2021,YR2021,7050,..,3.1
North Macedonia,MKD,2022,YR2022,7570,..,2.5
Northern Mariana Islands,MNP,2017,YR2017,..,..,..
Northern Mariana Islands,MNP,2018,YR2018,..,..,..
Northern Mariana Islands,MNP,2019,YR2019,..,..,..
Northern Mariana Islands,MNP,2020,YR2020,..,..,..
Northern Mariana Islands,MNP,2021,YR2021,..,..,..
Northern Mariana Islands,MNP,2022,YR2022,..,..,..
Norway,NOR,2017,YR2017,76230,..,2.5
Norway,NOR,2018,YR2018,80970,..,2.5
Norway,NOR,2019,YR2019,82430,..,2.5
Norway,NOR,2020,YR2020,78610,..,2.5
Norway,NOR,2021,YR2021,81770,..,2.5
Norway,NOR,2022,YR2022,94420,..,2.5
Oman,OMN,2017,YR2017,16640,..,7
Oman,OMN,2018,YR2018,17260,..,6.3
Oman,OMN,2019,YR2019,17810,..,5.8
Oman,OMN,2020,YR2020,17100,..,5.7
Oman,OMN,2021,YR2021,17900,..,5.7
Oman,OMN,2022,YR2022,19610,..,5.7
Pakistan,PAK,2017,YR2017,1450,38.3,10.6
Pakistan,PAK,2018,YR2018,1560,..,10.8
Pakistan,PAK,2019,YR2019,1520,..,12.8
Pakistan,PAK,2020,YR2020,1370,..,15.8
Pakistan,PAK,2021,YR2021,1420,..,18.9
Pakistan,PAK,2022,YR2022,1510,..,20.7
Palau,PLW,2017,YR2017,15180,..,..
Palau,PLW,2018,YR2018,15940,..,..
Palau,PLW,2019,YR2019,16220,..,..
Palau,PLW,2020,YR2020,15440,..,..
Palau,PLW,2021,YR2021,13830,..,..
Palau,PLW,2022,YR2022,14050,..,..
Panama,PAN,2017,YR2017,14230,..,5.8
Panama,PAN,2018,YR2018,14910,..,5
Panama,PAN,2019,YR2019,15640,..,4.4
Panama,PAN,2020,YR2020,13070,..,4.7
Panama,PAN,2021,YR2021,14920,..,5.1
Panama,PAN,2022,YR2022,16970,..,5.6
Papua New Guinea,PNG,2017,YR2017,2310,..,27.3
Papua New Guinea,PNG,2018,YR2018,2310,..,27.5
Papua New Guinea,PNG,2019,YR2019,2420,..,27.3
Papua New Guinea,PNG,2020,YR2020,2410,..,27.4
Papua New Guinea,PNG,2021,YR2021,2370,..,27
Papua New Guinea,PNG,2022,YR2022,2690,..,27.7
Paraguay,PRY,2017,YR2017,5810,..,2.6
Paraguay,PRY,2018,YR2018,6060,..,2.7
Paraguay,PRY,2019,YR2019,5950,..,3.1
Paraguay,PRY,2020,YR2020,5550,..,3.4
Paraguay,PRY,2021,YR2021,5750,..,3.9
Paraguay,PRY,2022,YR2022,5920,..,4.5
Peru,PER,2017,YR2017,6090,..,6.6
Peru,PER,2018,YR2018,6500,..,6.2
Peru,PER,2019,YR2019,6850,..,6.5
Peru,PER,2020,YR2020,6080,..,6.7
Peru,PER,2021,YR2021,6550,6.6,7.1
Peru,PER,2022,YR2022,6920,..,7
Philippines,PHL,2017,YR2017,3440,5.8,7.1
Philippines,PHL,2018,YR2018,3610,..,6
Philippines,PHL,2019,YR2019,3760,..,5.6
Philippines,PHL,2020,YR2020,3350,..,5.8
Philippines,PHL,2021,YR2021,3570,..,6
Philippines,PHL,2022,YR2022,4010,..,5.9
Poland,POL,2017,YR2017,12780,..,2.5
Poland,POL,2018,YR2018,14310,..,2.5
Poland,POL,2019,YR2019,15510,..,2.5
Poland,POL,2020,YR2020,15480,..,2.5
Poland,POL,2021,YR2021,17470,..,2.5
Poland,POL,2022,YR2022,19110,..,2.5
Portugal,PRT,2017,YR2017,20050,..,2.5
Portugal,PRT,2018,YR2018,22050,..,2.5
Portugal,PRT,2019,YR2019,23180,..,2.5
Portugal,PRT,2020,YR2020,21830,..,2.5
Portugal,PRT,2021,YR2021,23930,..,2.5
Portugal,PRT,2022,YR2022,25820,..,2.5
Puerto Rico,PRI,2017,YR2017,20000,..,..
Puerto Rico,PRI,2018,YR2018,21010,..,..
Puerto Rico,PRI,2019,YR2019,22040,..,..
Puerto Rico,PRI,2020,YR2020,21200,..,..
Puerto Rico,PRI,2021,YR2021,22580,..,..
Puerto Rico,PRI,2022,YR2022,24760,..,..
Qatar,QAT,2017,YR2017,60920,..,..
Qatar,QAT,2018,YR2018,63410,..,..
Qatar,QAT,2019,YR2019,65700,..,..
Qatar,QAT,2020,YR2020,57730,..,..
Qatar,QAT,2021,YR2021,66970,..,..
Qatar,QAT,2022,YR2022,71070,..,..
Romania,ROU,2017,YR2017,10030,..,2.5
Romania,ROU,2018,YR2018,11530,..,2.5
Romania,ROU,2019,YR2019,12700,..,2.5
Romania,ROU,2020,YR2020,12740,..,2.5
Romania,ROU,2021,YR2021,14220,..,2.5
Romania,ROU,2022,YR2022,15440,..,2.5
Russian Federation,RUS,2017,YR2017,9160,..,2.5
Russian Federation,RUS,2018,YR2018,10180,..,2.5
Russian Federation,RUS,2019,YR2019,11190,..,2.5
Russian Federation,RUS,2020,YR2020,10660,..,2.5
Russian Federation,RUS,2021,YR2021,11720,..,2.5
Russian Federation,RUS,2022,YR2022,12810,..,2.5
Rwanda,RWA,2017,YR2017,720,..,33.5
Rwanda,RWA,2018,YR2018,770,..,33.8
Rwanda,RWA,2019,YR2019,820,48.8,34.9
Rwanda,RWA,2020,YR2020,770,..,34.7
Rwanda,RWA,2021,YR2021,840,..,33.2
Rwanda,RWA,2022,YR2022,940,..,31.4
Samoa,WSM,2017,YR2017,4100,..,4.8
Samoa,WSM,2018,YR2018,4100,..,4.7
Samoa,WSM,2019,YR2019,4270,6.3,4.5
Samoa,WSM,2020,YR2020,4060,..,4.4
Samoa,WSM,2021,YR2021,3910,..,5.1
Samoa,WSM,2022,YR2022,3780,..,5.4
San Marino,SMR,2017,YR2017,40010,..,..
San Marino,SMR,2018,YR2018,41800,..,..
San Marino,SMR,2019,YR2019,43770,..,..
San Marino,SMR,2020,YR2020,40570,..,..
San Marino,SMR,2021,YR2021,48190,..,..
San Marino,SMR,2022,YR2022,53930,..,..
Sao Tome and Principe,STP,2017,YR2017,1440,..,17.3
Sao Tome and Principe,STP,2018,YR2018,1660,..,17.1
Sao Tome and Principe,STP,2019,YR2019,1810,11.7,16.3
Sao Tome and Principe,STP,2020,YR2020,2030,..,15.5
Sao Tome and Principe,STP,2021,YR2021,2220,..,15.7
Sao Tome and Principe,STP,2022,YR2022,2430,..,16.4
Saudi Arabia,SAU,2017,YR2017,22320,..,4.2
Saudi Arabia,SAU,2018,YR2018,25550,..,4.3
Saudi Arabia,SAU,2019,YR2019,27720,..,4.3
Saudi Arabia,SAU,2020,YR2020,25640,..,4
Saudi Arabia,SAU,2021,YR2021,28190,..,3.5
Saudi Arabia,SAU,2022,YR2022,31120,..,3
Senegal,SEN,2017,YR2017,1270,..,7.4
Senegal,SEN,2018,YR2018,1390,..,6.6
Senegal,SEN,2019,YR2019,1430,50.8,5.6
Senegal,SEN,2020,YR2020,1440,..,4.7
Senegal,SEN,2021,YR2021,1530,..,4.5
Senegal,SEN,2022,YR2022,1590,..,4.6
Serbia,SRB,2017,YR2017,5810,..,2.5
Serbia,SRB,2018,YR2018,6700,..,2.5
Serbia,SRB,2019,YR2019,7380,0.1,2.5
Serbia,SRB,2020,YR2020,7790,..,2.5
Serbia,SRB,2021,YR2021,8890,..,2.5
Serbia,SRB,2022,YR2022,9790,..,2.5
Seychelles,SYC,2017,YR2017,16180,..,3
Seychelles,SYC,2018,YR2018,17620,..,2.7
Seychelles,SYC,2019,YR2019,18700,0.9,2.5
Seychelles,SYC,2020,YR2020,15400,..,2.5
Seychelles,SYC,2021,YR2021,14950,..,2.5
Seychelles,SYC,2022,YR2022,15000,..,2.5
Sierra Leone,SLE,2017,YR2017,840,..,26.5
Sierra Leone,SLE,2018,YR2018,830,..,27.5
Sierra Leone,SLE,2019,YR2019,850,59.2,28.2
Sierra Leone,SLE,2020,YR2020,840,..,28.2
Sierra Leone,SLE,2021,YR2021,890,..,28.2
Sierra Leone,SLE,2022,YR2022,920,..,28.4
Singapore,SGP,2017,YR2017,54920,..,..
Singapore,SGP,2018,YR2018,56550,..,..
Singapore,SGP,2019,YR2019,58810,..,..
Singapore,SGP,2020,YR2020,55290,..,..
Singapore,SGP,2021,YR2021,64970,..,..
Singapore,SGP,2022,YR2022,66970,..,..
Sint Maarten (Dutch part),SXM,2017,YR2017,32950,..,..
Sint Maarten (Dutch part),SXM,2018,YR2018,31140,..,..
Sint Maarten (Dutch part),SXM,2019,YR2019,34060,..,..
Sint Maarten (Dutch part),SXM,2020,YR2020,29440,..,..
Sint Maarten (Dutch part),SXM,2021,YR2021,31430,..,..
Sint Maarten (Dutch part),SXM,2022,YR2022,35620,..,..
Slovak Republic,SVK,2017,YR2017,16660,..,4.1
Slovak Republic,SVK,2018,YR2018,18390,..,3.3
Slovak Republic,SVK,2019,YR2019,19210,..,2.8
Slovak Republic,SVK,2020,YR2020,19250,..,2.8
Slovak Republic,SVK,2021,YR2021,20660,..,3.1
Slovak Republic,SVK,2022,YR2022,22090,..,3.6
Slovenia,SVN,2017,YR2017,22170,..,2.5
Slovenia,SVN,2018,YR2018,24650,..,2.5
Slovenia,SVN,2019,YR2019,26040,..,2.5
Slovenia,SVN,2020,YR2020,25460,..,2.5
Slovenia,SVN,2021,YR2021,28360,..,2.5
Slovenia,SVN,2022,YR2022,29580,..,2.5
Solomon Islands,SLB,2017,YR2017,2020,..,17.5
Solomon Islands,SLB,2018,YR2018,2150,..,17.5
Solomon Islands,SLB,2019,YR2019,2210,..,18.4
Solomon Islands,SLB,2020,YR2020,2170,..,19.4
Solomon Islands,SLB,2021,YR2021,2140,..,19.9
Solomon Islands,SLB,2022,YR2022,2120,..,19.4
Somalia,SOM,2017,YR2017,500,..,58.3
Somalia,SOM,2018,YR2018,510,..,55.5
Somalia,SOM,2019,YR2019,520,..,53.3
Somalia,SOM,2020,YR2020,500,..,51.1
Somalia,SOM,2021,YR2021,540,..,50.7
Somalia,SOM,2022,YR2022,570,..,51.3
South Africa,ZAF,2017,YR2017,5850,..,5.7
South Africa,ZAF,2018,YR2018,6250,..,5.7
South Africa,ZAF,2019,YR2019,6570,..,6.2
South Africa,ZAF,2020,YR2020,5930,..,6.9
South Africa,ZAF,2021,YR2021,6330,..,7.7
South Africa,ZAF,2022,YR2022,6530,..,8.1
South Sudan,SSD,2017,YR2017,..,..,..
South Sudan,SSD,2018,YR2018,..,..,..
South Sudan,SSD,2019,YR2019,..,..,..
South Sudan,SSD,2020,YR2020,..,..,19.6
South Sudan,SSD,2021,YR2021,..,..,19.3
South Sudan,SSD,2022,YR2022,..,..,19.6
Spain,ESP,2017,YR2017,27120,..,2.5
Spain,ESP,2018,YR2018,29340,..,2.5
Spain,ESP,2019,YR2019,30370,..,2.5
Spain,ESP,2020,YR2020,27180,..,2.5
Spain,ESP,2021,YR2021,30110,..,2.5
Spain,ESP,2022,YR2022,32000,..,2.5
Sri Lanka,LKA,2017,YR2017,4230,..,4
Sri Lanka,LKA,2018,YR2018,4360,..,4.2
Sri Lanka,LKA,2019,YR2019,4220,..,4
Sri Lanka,LKA,2020,YR2020,3880,..,3.8
Sri Lanka,LKA,2021,YR2021,4020,..,3.8
Sri Lanka,LKA,2022,YR2022,3620,..,4.1
St. Kitts and Nevis,KNA,2017,YR2017,20420,..,..
St. Kitts and Nevis,KNA,2018,YR2018,21930,..,..
St. Kitts and Nevis,KNA,2019,YR2019,23660,..,..
St. Kitts and Nevis,KNA,2020,YR2020,19330,..,..
St. Kitts and Nevis,KNA,2021,YR2021,18990,..,..
St. Kitts and Nevis,KNA,2022,YR2022,21090,..,..
St. Lucia,LCA,2017,YR2017,10260,..,..
St. Lucia,LCA,2018,YR2018,11060,..,..
St. Lucia,LCA,2019,YR2019,11100,..,..
St. Lucia,LCA,2020,YR2020,8560,..,..
St. Lucia,LCA,2021,YR2021,9790,..,..
St. Lucia,LCA,2022,YR2022,11770,..,..
St. Martin (French part),MAF,2017,YR2017,..,..,..
St. Martin (French part),MAF,2018,YR2018,..,..,..
St. Martin (French part),MAF,2019,YR2019,..,..,..
St. Martin (French part),MAF,2020,YR2020,..,..,..
St. Martin (French part),MAF,2021,YR2021,..,..,..
St. Martin (French part),MAF,2022,YR2022,..,..,..
St. Vincent and the Grenadines,VCT,2017,YR2017,7720,..,5.5
St. Vincent and the Grenadines,VCT,2018,YR2018,8370,..,5.6
St. Vincent and the Grenadines,VCT,2019,YR2019,8700,..,5.9
St. Vincent and the Grenadines,VCT,2020,YR2020,8410,..,6.1
St. Vincent and the Grenadines,VCT,2021,YR2021,8620,..,5.8
St. Vincent and the Grenadines,VCT,2022,YR2022,9620,..,4.8
Sudan,SDN,2017,YR2017,1010,..,10.5
Sudan,SDN,2018,YR2018,810,..,10.9
Sudan,SDN,2019,YR2019,720,..,10.8
Sudan,SDN,2020,YR2020,600,..,11.1
Sudan,SDN,2021,YR2021,620,..,11
Sudan,SDN,2022,YR2022,720,..,11.4
Suriname,SUR,2017,YR2017,5710,..,9.8
Suriname,SUR,2018,YR2018,5730,2.9,9.4
Suriname,SUR,2019,YR2019,5960,..,9.1
Suriname,SUR,2020,YR2020,4460,..,9.3
Suriname,SUR,2021,YR2021,4470,..,9.8
Suriname,SUR,2022,YR2022,5040,..,10.1
Sweden,SWE,2017,YR2017,52330,..,2.5
Sweden,SWE,2018,YR2018,55090,..,2.5
Sweden,SWE,2019,YR2019,56230,..,2.5
Sweden,SWE,2020,YR2020,54670,..,2.5
Sweden,SWE,2021,YR2021,60530,..,2.5
Sweden,SWE,2022,YR2022,62630,..,2.5
Switzerland,CHE,2017,YR2017,80770,..,2.5
Switzerland,CHE,2018,YR2018,82470,..,2.5
Switzerland,CHE,2019,YR2019,83160,..,2.5
Switzerland,CHE,2020,YR2020,81740,..,2.5
Switzerland,CHE,2021,YR2021,90810,..,2.5
Switzerland,CHE,2022,YR2022,95480,..,2.5
Syrian Arab Republic,SYR,2017,YR2017,720,..,17.6
Syrian Arab Republic,SYR,2018,YR2018,810,..,21.8
Syrian Arab Republic,SYR,2019,YR2019,970,..,26.4
Syrian Arab Republic,SYR,2020,YR2020,790,..,29.6
Syrian Arab Republic,SYR,2021,YR2021,700,..,32.2
Syrian Arab Republic,SYR,2022,YR2022,710,..,34
Tajikistan,TJK,2017,YR2017,1000,7.4,12.4
Tajikistan,TJK,2018,YR2018,1000,..,10.6
Tajikistan,TJK,2019,YR2019,1050,..,9.9
Tajikistan,TJK,2020,YR2020,1030,..,9.4
Tajikistan,TJK,2021,YR2021,1130,..,9.5
Tajikistan,TJK,2022,YR2022,1360,..,8.7
Tanzania,TZA,2017,YR2017,960,..,23.3
Tanzania,TZA,2018,YR2018,1010,..,23.6
Tanzania,TZA,2019,YR2019,1050,..,23.7
Tanzania,TZA,2020,YR2020,1060,..,23.5
Tanzania,TZA,2021,YR2021,1130,..,23.9
Tanzania,TZA,2022,YR2022,1210,..,23.8
Thailand,THA,2017,YR2017,5800,..,7.3
Thailand,THA,2018,YR2018,6430,..,7
Thailand,THA,2019,YR2019,7060,0.6,6.4
Thailand,THA,2020,YR2020,6900,..,6.1
Thailand,THA,2021,YR2021,7090,..,5.8
Thailand,THA,2022,YR2022,7230,..,5.6
Timor-Leste,TLS,2017,YR2017,1780,..,13.2
Timor-Leste,TLS,2018,YR2018,1790,..,13.4
Timor-Leste,TLS,2019,YR2019,2180,..,14.5
Timor-Leste,TLS,2020,YR2020,2040,..,15.4
Timor-Leste,TLS,2021,YR2021,2050,..,16
Timor-Leste,TLS,2022,YR2022,1820,..,15.9
Togo,TGO,2017,YR2017,770,37.6,20.5
Togo,TGO,2018,YR2018,830,..,19.9
Togo,TGO,2019,YR2019,860,..,18.3
Togo,TGO,2020,YR2020,860,..,16
Togo,TGO,2021,YR2021,920,..,14.1
Togo,TGO,2022,YR2022,970,..,12.8
Tonga,TON,2017,YR2017,4450,..,..
Tonga,TON,2018,YR2018,4650,..,..
Tonga,TON,2019,YR2019,4940,0.9,..
Tonga,TON,2020,YR2020,5130,..,..
Tonga,TON,2021,YR2021,5240,..,..
Tonga,TON,2022,YR2022,5260,..,..
Trinidad and Tobago,TTO,2017,YR2017,17050,..,6.9
Trinidad and Tobago,TTO,2018,YR2018,17090,..,7
Trinidad and Tobago,TTO,2019,YR2019,17540,..,9.1
Trinidad and Tobago,TTO,2020,YR2020,15180,..,11.2
Trinidad and Tobago,TTO,2021,YR2021,16370,..,12.8
Trinidad and Tobago,TTO,2022,YR2022,17930,..,12.6
Tunisia,TUN,2017,YR2017,3700,..,3
Tunisia,TUN,2018,YR2018,3700,0.8,2.7
Tunisia,TUN,2019,YR2019,3590,..,2.8
Tunisia,TUN,2020,YR2020,3270,..,3.2
Tunisia,TUN,2021,YR2021,3630,..,3.4
Tunisia,TUN,2022,YR2022,3880,..,3.2
Turkiye,TUR,2017,YR2017,11090,..,2.5
Turkiye,TUR,2018,YR2018,10650,..,2.5
Turkiye,TUR,2019,YR2019,9800,..,2.5
Turkiye,TUR,2020,YR2020,9160,..,2.5
Turkiye,TUR,2021,YR2021,10010,..,2.5
Turkiye,TUR,2022,YR2022,10640,..,2.5
Turkmenistan,TKM,2017,YR2017,5650,..,3.4
Turkmenistan,TKM,2018,YR2018,5930,..,3.5
Turkmenistan,TKM,2019,YR2019,6450,0.2,3.6
Turkmenistan,TKM,2020,YR2020,6740,..,3.8
Turkmenistan,TKM,2021,YR2021,7200,..,3.9
Turkmenistan,TKM,2022,YR2022,7780,..,4.1
Turks and Caicos Islands,TCA,2017,YR2017,24860,..,..
Turks and Caicos Islands,TCA,2018,YR2018,26550,..,..
Turks and Caicos Islands,TCA,2019,YR2019,26920,..,..
Turks and Caicos Islands,TCA,2020,YR2020,19010,..,..
Turks and Caicos Islands,TCA,2021,YR2021,21460,..,..
Turks and Caicos Islands,TCA,2022,YR2022,24230,..,..
Tuvalu,TUV,2017,YR2017,5330,..,..
Tuvalu,TUV,2018,YR2018,6230,..,..
Tuvalu,TUV,2019,YR2019,6880,2.1,..
Tuvalu,TUV,2020,YR2020,6880,..,..
Tuvalu,TUV,2021,YR2021,7510,..,..
Tuvalu,TUV,2022,YR2022,8100,..,..
Uganda,UGA,2017,YR2017,760,..,38.9
Uganda,UGA,2018,YR2018,770,..,38.4
Uganda,UGA,2019,YR2019,810,..,37.3
Uganda,UGA,2020,YR2020,820,..,37.1
Uganda,UGA,2021,YR2021,860,..,36.8
Uganda,UGA,2022,YR2022,930,..,36.9
Ukraine,UKR,2017,YR2017,2330,..,2.6
Ukraine,UKR,2018,YR2018,2720,..,3
Ukraine,UKR,2019,YR2019,3270,..,3.7
Ukraine,UKR,2020,YR2020,3530,..,4.3
Ukraine,UKR,2021,YR2021,4060,..,5.3
Ukraine,UKR,2022,YR2022,3930,..,5.8
United Arab Emirates,ARE,2017,YR2017,41390,..,4.2
United Arab Emirates,ARE,2018,YR2018,43370,..,3.6
United Arab Emirates,ARE,2019,YR2019,45070,..,3.3
United Arab Emirates,ARE,2020,YR2020,41100,..,3.1
United Arab Emirates,ARE,2021,YR2021,42640,..,3.4
United Arab Emirates,ARE,2022,YR2022,46070,..,2.7
United Kingdom,GBR,2017,YR2017,41660,..,2.5
United Kingdom,GBR,2018,YR2018,42020,..,2.5
United Kingdom,GBR,2019,YR2019,43240,..,2.5
United Kingdom,GBR,2020,YR2020,38770,..,2.5
United Kingdom,GBR,2021,YR2021,45510,..,2.5
United Kingdom,GBR,2022,YR2022,48520,..,2.5
United States,USA,2017,YR2017,59130,..,2.5
United States,USA,2018,YR2018,63360,..,2.5
United States,USA,2019,YR2019,66220,..,2.5
United States,USA,2020,YR2020,64620,..,2.5
United States,USA,2021,YR2021,71500,..,2.5
United States,USA,2022,YR2022,77460,..,2.5
Uruguay,URY,2017,YR2017,16720,..,2.5
Uruguay,URY,2018,YR2018,17700,..,2.5
Uruguay,URY,2019,YR2019,18390,..,2.5
Uruguay,URY,2020,YR2020,16140,..,2.5
Uruguay,URY,2021,YR2021,16200,..,2.5
Uruguay,URY,2022,YR2022,17830,..,2.5
Uzbekistan,UZB,2017,YR2017,2630,..,2.5
Uzbekistan,UZB,2018,YR2018,2340,..,2.5
Uzbekistan,UZB,2019,YR2019,2150,..,2.5
Uzbekistan,UZB,2020,YR2020,2000,..,2.5
Uzbekistan,UZB,2021,YR2021,2250,1.7,2.5
Uzbekistan,UZB,2022,YR2022,2490,..,2.5
Vanuatu,VUT,2017,YR2017,2980,..,7.4
Vanuatu,VUT,2018,YR2018,3250,..,7.5
Vanuatu,VUT,2019,YR2019,3740,..,7.8
Vanuatu,VUT,2020,YR2020,3390,..,8
Vanuatu,VUT,2021,YR2021,3500,..,8.1
Vanuatu,VUT,2022,YR2022,3730,..,7.9
"Venezuela, RB",VEN,2017,YR2017,..,..,23.4
"Venezuela, RB",VEN,2018,YR2018,..,..,23.2
"Venezuela, RB",VEN,2019,YR2019,..,..,23.9
"Venezuela, RB",VEN,2020,YR2020,..,..,22.2
"Venezuela, RB",VEN,2021,YR2021,..,..,20
"Venezuela, RB",VEN,2022,YR2022,..,..,17.6
Viet Nam,VNM,2017,YR2017,2680,..,7
Viet Nam,VNM,2018,YR2018,3020,..,6.6
Viet Nam,VNM,2019,YR2019,3290,..,6
Viet Nam,VNM,2020,YR2020,3400,1.9,5.5
Viet Nam,VNM,2021,YR2021,3540,..,5.2
Viet Nam,VNM,2022,YR2022,3960,..,5.2
Virgin Islands (U.S.),VIR,2017,YR2017,..,..,..
Virgin Islands (U.S.),VIR,2018,YR2018,..,..,..
Virgin Islands (U.S.),VIR,2019,YR2019,..,..,..
Virgin Islands (U.S.),VIR,2020,YR2020,..,..,..
Virgin Islands (U.S.),VIR,2021,YR2021,..,..,..
Virgin Islands (U.S.),VIR,2022,YR2022,..,..,..
West Bank and Gaza,PSE,2017,YR2017,3930,..,..
West Bank and Gaza,PSE,2018,YR2018,4190,..,..
West Bank and Gaza,PSE,2019,YR2019,4200,0.6,..
West Bank and Gaza,PSE,2020,YR2020,3700,..,..
West Bank and Gaza,PSE,2021,YR2021,4270,..,..
West Bank and Gaza,PSE,2022,YR2022,4720,..,..
"Yemen, Rep.",YEM,2017,YR2017,880,..,42
"Yemen, Rep.",YEM,2018,YR2018,740,..,40.2
"Yemen, Rep.",YEM,2019,YR2019,..,..,38.4
"Yemen, Rep.",YEM,2020,YR2020,..,..,36.7
"Yemen, Rep.",YEM,2021,YR2021,..,..,36.9
"Yemen, Rep.",YEM,2022,YR2022,..,..,39.5
Zambia,ZMB,2017,YR2017,1260,..,30.8
Zambia,ZMB,2018,YR2018,1390,47.9,30.5
Zambia,ZMB,2019,YR2019,1380,..,31.2
Zambia,ZMB,2020,YR2020,1120,..,32.9
Zambia,ZMB,2021,YR2021,1040,..,34.4
Zambia,ZMB,2022,YR2022,1160,..,35.4
Zimbabwe,ZWE,2017,YR2017,1670,..,36.7
Zimbabwe,ZWE,2018,YR2018,2140,..,38.7
Zimbabwe,ZWE,2019,YR2019,2170,25.8,39.4
Zimbabwe,ZWE,2020,YR2020,1690,..,39.5
Zimbabwe,ZWE,2021,YR2021,1740,..,38.9
Zimbabwe,ZWE,2022,YR2022,1960,..,38.1
Africa Eastern and Southern,AFE,2017,YR2017,1360.72967397978,..,23.8180270643915
Africa Eastern and Southern,AFE,2018,YR2018,1426.99411529469,..,24.0553517283903
Africa Eastern and Southern,AFE,2019,YR2019,1489.69343564224,..,24.8845163194321
Africa Eastern and Southern,AFE,2020,YR2020,1381.20287580143,..,25.7082870472852
Africa Eastern and Southern,AFE,2021,YR2021,1451.60989995895,..,26.4528659096818
Africa Eastern and Southern,AFE,2022,YR2022,1534.02714441288,..,26.795671064555
Africa Western and Central,AFW,2017,YR2017,1570.40078840224,..,12.2105002359212
Africa Western and Central,AFW,2018,YR2018,1598.67589156637,..,12.3794571645097
Africa Western and Central,AFW,2019,YR2019,1671.33895536438,..,13.069764289887
Africa Western and Central,AFW,2020,YR2020,1674.52005628549,..,13.6740489762436
Africa Western and Central,AFW,2021,YR2021,1729.82195875586,..,14.7108244003372
Africa Western and Central,AFW,2022,YR2022,1771.57065373574,..,15.443766406653
Arab World,ARB,2017,YR2017,5971.76002542672,..,12.2093064613152
Arab World,ARB,2018,YR2018,6232.89401449629,..,12.2736186413891
Arab World,ARB,2019,YR2019,6459.97471502342,..,12.4196796604403
Arab World,ARB,2020,YR2020,5967.44220551252,..,12.6668043861503
Arab World,ARB,2021,YR2021,6308.32345808431,..,13.2176006325003
Arab World,ARB,2022,YR2022,6987.067581475,..,13.8529658985441
Caribbean small states,CSS,2017,YR2017,10934.3103386436,..,5.57880349304296
Caribbean small states,CSS,2018,YR2018,11353.4838793691,..,5.32609147609148
Caribbean small states,CSS,2019,YR2019,11712.3439273628,..,5.21551851351999
Caribbean small states,CSS,2020,YR2020,10353.385573997,..,5.31786872621672
Caribbean small states,CSS,2021,YR2021,11097.2017079623,..,5.45033819775757
Caribbean small states,CSS,2022,YR2022,12907.4063122001,..,5.47000113976276
Central Europe and the Baltics,CEB,2017,YR2017,13103.991243671,..,2.6468105463172
Central Europe and the Baltics,CEB,2018,YR2018,14748.0571903297,..,2.57682528993756
Central Europe and the Baltics,CEB,2019,YR2019,16011.5379815907,..,2.55009767930001
Central Europe and the Baltics,CEB,2020,YR2020,15929.5918350539,..,2.5432278188456
Central Europe and the Baltics,CEB,2021,YR2021,17852.0386782417,..,2.53247318823087
Central Europe and the Baltics,CEB,2022,YR2022,19424.7496783033,..,2.55957685598302
Early-demographic dividend,EAR,2017,YR2017,3327.29021116163,..,9.88754638575709
Early-demographic dividend,EAR,2018,YR2018,3507.52946712507,..,9.80579250382306
Early-demographic dividend,EAR,2019,YR2019,3574.9041999601,..,10.5958429114796
Early-demographic dividend,EAR,2020,YR2020,3302.42291917559,..,11.5460860685502
Early-demographic dividend,EAR,2021,YR2021,3626.18870557523,..,12.2806001020066
Early-demographic dividend,EAR,2022,YR2022,3970.48596277658,..,12.3535657115609
East Asia & Pacific,EAS,2017,YR2017,10205.0907728245,..,4.14432763477145
East Asia & Pacific,EAS,2018,YR2018,11071.5238342395,..,4.03128429942649
East Asia & Pacific,EAS,2019,YR2019,11665.1395853446,..,3.54716077305706
East Asia & Pacific,EAS,2020,YR2020,11621.2501644752,..,3.56425116430785
East Asia & Pacific,EAS,2021,YR2021,12817.9674374738,..,3.64412200949764
East Asia & Pacific,EAS,2022,YR2022,13484.4651484379,..,3.71097902350997
East Asia & Pacific (excluding high income),EAP,2017,YR2017,6973.80738814942,..,4.29964628676342
East Asia & Pacific (excluding high income),EAP,2018,YR2018,7653.52509414999,..,4.18154390803236
East Asia & Pacific (excluding high income),EAP,2019,YR2019,8240.39098857425,..,3.63160732664522
East Asia & Pacific (excluding high income),EAP,2020,YR2020,8314.55194022592,..,3.64513227453686
East Asia & Pacific (excluding high income),EAP,2021,YR2021,9322.69113211613,..,3.71528853059802
East Asia & Pacific (excluding high income),EAP,2022,YR2022,10030.2099345964,..,3.77865282364357
East Asia & Pacific (IDA & IBRD countries),TEA,2017,YR2017,7052.38074524386,..,3.77981764995304
East Asia & Pacific (IDA & IBRD countries),TEA,2018,YR2018,7739.5539208112,..,3.66756430174172
East Asia & Pacific (IDA & IBRD countries),TEA,2019,YR2019,8332.87371868011,..,3.63160732664522
East Asia & Pacific (IDA & IBRD countries),TEA,2020,YR2020,8407.78817876618,..,3.64513227453686
East Asia & Pacific (IDA & IBRD countries),TEA,2021,YR2021,9427.26534637177,..,3.71528853059802
East Asia & Pacific (IDA & IBRD countries),TEA,2022,YR2022,10142.8895963478,..,3.77865282364357
Euro area,EMU,2017,YR2017,35579.0889022665,..,2.52520108171458
Euro area,EMU,2018,YR2018,38552.0116665625,..,2.51258983902898
Euro area,EMU,2019,YR2019,40009.7163381151,..,2.50472283192073
Euro area,EMU,2020,YR2020,37907.7293023155,..,2.504720503088
Euro area,EMU,2021,YR2021,42038.0721732918,..,2.50941630412284
Euro area,EMU,2022,YR2022,43854.4232801281,..,2.51713844381585
Europe & Central Asia,ECS,2017,YR2017,22838.8788188839,..,2.66946199110031
Europe & Central Asia,ECS,2018,YR2018,24392.8675277297,..,2.65643114708595
Europe & Central Asia,ECS,2019,YR2019,25319.7771413928,..,2.68248882367345
Europe & Central Asia,ECS,2020,YR2020,23990.9382272681,..,2.71133404861284
Europe & Central Asia,ECS,2021,YR2021,26737.8224640368,..,2.76415029267799
Europe & Central Asia,ECS,2022,YR2022,28344.856652673,..,2.77341474676495
Europe & Central Asia (excluding high income),ECA,2017,YR2017,6100.14816390085,..,3.0759089385617
Europe & Central Asia (excluding high income),ECA,2018,YR2018,6091.31943472676,..,3.05393145637599
Europe & Central Asia (excluding high income),ECA,2019,YR2019,6054.31150822408,..,3.15911122318036
Europe & Central Asia (excluding high income),ECA,2020,YR2020,5856.54212966774,..,3.26583478403016
Europe & Central Asia (excluding high income),ECA,2021,YR2021,6412.96945320493,..,3.46032665154965
Europe & Central Asia (excluding high income),ECA,2022,YR2022,6886.09557141126,..,3.48927195161427
Europe & Central Asia (IDA & IBRD countries),TEC,2017,YR2017,7924.66153130044,..,2.82003448946716
Europe & Central Asia (IDA & IBRD countries),TEC,2018,YR2018,8455.31889909282,..,2.80333850162682
Europe & Central Asia (IDA & IBRD countries),TEC,2019,YR2019,8918.19076761457,..,2.8609798984023
Europe & Central Asia (IDA & IBRD countries),TEC,2020,YR2020,8623.73602027501,..,2.91842381775691
Europe & Central Asia (IDA & IBRD countries),TEC,2021,YR2021,9497.79925391957,..,3.02047854722137
Europe & Central Asia (IDA & IBRD countries),TEC,2022,YR2022,10324.059790112,..,3.0360211069337
European Union,EUU,2017,YR2017,31819.3547627326,..,2.5337782900947
European Union,EUU,2018,YR2018,34566.425291095,..,2.51760793368376
European Union,EUU,2019,YR2019,36003.2163973415,..,2.51145559507851
European Union,EUU,2020,YR2020,34335.7659090602,..,2.50985416972698
European Union,EUU,2021,YR2021,38194.6473387247,..,2.50731887715592
European Union,EUU,2022,YR2022,40020.0473628579,..,2.51334144086012
Fragile and conflict affected situations,FCS,2017,YR2017,1653.86800369779,..,18.0660555826973
Fragile and conflict affected situations,FCS,2018,YR2018,1712.31161838326,..,18.4639637990867
Fragile and conflict affected situations,FCS,2019,YR2019,1807.7678896023,..,19.4788428673216
Fragile and conflict affected situations,FCS,2020,YR2020,1704.32651291481,..,20.3503215415328
Fragile and conflict affected situations,FCS,2021,YR2021,1740.55721657914,..,21.1701184586241
Fragile and conflict affected situations,FCS,2022,YR2022,1792.43780550647,..,21.7397779726341
Heavily indebted poor countries (HIPC),HPC,2017,YR2017,887.909884611504,..,21.8074007050475
Heavily indebted poor countries (HIPC),HPC,2018,YR2018,932.688651764305,..,22.0004607047356
Heavily indebted poor countries (HIPC),HPC,2019,YR2019,963.988030279437,..,22.5395848646636
Heavily indebted poor countries (HIPC),HPC,2020,YR2020,950.096645752728,..,23.1161660546669
Heavily indebted poor countries (HIPC),HPC,2021,YR2021,994.545166216554,..,23.584949650016
Heavily indebted poor countries (HIPC),HPC,2022,YR2022,1058.61525475995,..,23.8743153699814
High income,HIC,2017,YR2017,37674.1199929791,..,2.65102799831583
High income,HIC,2018,YR2018,40418.8401886309,..,2.62396230555892
High income,HIC,2019,YR2019,42040.2437123733,..,2.63119047228444
High income,HIC,2020,YR2020,40476.617189153,..,2.6315438298833
High income,HIC,2021,YR2021,44757.8136497244,..,2.65183531348939
High income,HIC,2022,YR2022,47522.5181910211,..,2.65581221195055
IBRD only,IBD,2017,YR2017,5738.14780879338,..,6.08420915714466
IBRD only,IBD,2018,YR2018,6180.53167363653,..,5.98700479423425
IBRD only,IBD,2019,YR2019,6513.41434149383,..,6.39543119752323
IBRD only,IBD,2020,YR2020,6286.17710919479,..,6.9031549022772
IBRD only,IBD,2021,YR2021,6962.17902916293,..,7.29554108788757
IBRD only,IBD,2022,YR2022,7503.99625862485,..,7.25881511871066
IDA & IBRD total,IBT,2017,YR2017,4586.50281611374,..,8.87882637955145
IDA & IBRD total,IBT,2018,YR2018,4920.79951211081,..,8.86473749896694
IDA & IBRD total,IBT,2019,YR2019,5164.11633597727,..,9.38661646889135
IDA & IBRD total,IBT,2020,YR2020,4972.27695687979,..,10.0749761448998
IDA & IBRD total,IBT,2021,YR2021,5467.58691831019,..,10.6812124018821
IDA & IBRD total,IBT,2022,YR2022,5863.91945962377,..,10.8907967592113
IDA blend,IDB,2017,YR2017,1771.64904661757,..,12.4442947084364
IDA blend,IDB,2018,YR2018,1815.16976747339,..,12.7082031331473
IDA blend,IDB,2019,YR2019,1842.57149192759,..,14.2098701035075
IDA blend,IDB,2020,YR2020,1763.49865526731,..,16.1380578710053
IDA blend,IDB,2021,YR2021,1834.78032276846,..,18.4489445397682
IDA blend,IDB,2022,YR2022,1914.24535509184,..,19.7915625551654
IDA only,IDX,2017,YR2017,1072.42168307218,..,19.3432133521502
IDA only,IDX,2018,YR2018,1161.80053206083,..,19.3742894313458
IDA only,IDX,2019,YR2019,1216.18313142774,..,19.6923078677889
IDA only,IDX,2020,YR2020,1197.50762377117,..,20.2098753090445
IDA only,IDX,2021,YR2021,1265.38689551737,..,20.6068562398467
IDA only,IDX,2022,YR2022,1343.21648572586,..,21.0035485352713
IDA total,IDA,2017,YR2017,1307.67514967251,..,16.9800403062353
IDA total,IDA,2018,YR2018,1381.16688306204,..,17.0961036640017
IDA total,IDA,2019,YR2019,1425.97378826527,..,17.8231326836621
IDA total,IDA,2020,YR2020,1386.63562927759,..,18.8331721328975
IDA total,IDA,2021,YR2021,1455.31258007492,..,19.8785613920767
IDA total,IDA,2022,YR2022,1533.35290421368,..,20.5952280919049
Late-demographic dividend,LTE,2017,YR2017,8557.67765225866,..,3.47217064005074
Late-demographic dividend,LTE,2018,YR2018,9354.63171534937,..,3.42738582743781
Late-demographic dividend,LTE,2019,YR2019,10021.8730428952,..,2.90845712960786
Late-demographic dividend,LTE,2020,YR2020,9897.91333440895,..,2.98603916003867
Late-demographic dividend,LTE,2021,YR2021,10987.2243482256,..,3.05945387642365
Late-demographic dividend,LTE,2022,YR2022,11811.1151964607,..,3.03299213331723
Latin America & Caribbean,LCN,2017,YR2017,8419.90954360172,..,6.10689826733724
Latin America & Caribbean,LCN,2018,YR2018,8761.37108045706,..,6.02842018801608
Latin America & Caribbean,LCN,2019,YR2019,8869.65698288841,..,6.12247834445085
Latin America & Caribbean,LCN,2020,YR2020,7772.48689149686,..,6.40437638898368
Latin America & Caribbean,LCN,2021,YR2021,8276.69328652587,..,6.74404165932356
Latin America & Caribbean,LCN,2022,YR2022,8909.34034917716,..,6.60887937599934
Latin America & Caribbean (excluding high income),LAC,2017,YR2017,8053.7193476067,..,5.30023233299947
Latin America & Caribbean (excluding high income),LAC,2018,YR2018,8341.17476370235,..,5.2661660067881
Latin America & Caribbean (excluding high income),LAC,2019,YR2019,8411.71723228889,..,5.37922245411251
Latin America & Caribbean (excluding high income),LAC,2020,YR2020,7351.75884876896,..,5.79401492679783
Latin America & Caribbean (excluding high income),LAC,2021,YR2021,7787.04942417045,..,6.27663320249468
Latin America & Caribbean (excluding high income),LAC,2022,YR2022,8381.09148646142,..,6.24421951227737
Latin America & the Caribbean (IDA & IBRD countries),TLA,2017,YR2017,8330.71266045603,..,6.17293545928542
Latin America & the Caribbean (IDA & IBRD countries),TLA,2018,YR2018,8663.54757221903,..,6.09232982230032
Latin America & the Caribbean (IDA & IBRD countries),TLA,2019,YR2019,8762.29147733897,..,6.18740597949765
Latin America & the Caribbean (IDA & IBRD countries),TLA,2020,YR2020,7668.47035505543,..,6.47368303602081
Latin America & the Caribbean (IDA & IBRD countries),TLA,2021,YR2021,8161.79293737656,..,6.81856145142668
Latin America & the Caribbean (IDA & IBRD countries),TLA,2022,YR2022,8782.89614433092,..,6.68017414055869
Least developed countries: UN classification,LDC,2017,YR2017,967.412453337664,..,20.3586540527118
Least developed countries: UN classification,LDC,2018,YR2018,1046.02898343351,..,20.3965784468735
Least developed countries: UN classification,LDC,2019,YR2019,1103.92059779379,..,20.7739690235728
Least developed countries: UN classification,LDC,2020,YR2020,1083.92912988541,..,21.3663579502739
Least developed countries: UN classification,LDC,2021,YR2021,1143.02013579619,..,21.7580971248252
Least developed countries: UN classification,LDC,2022,YR2022,1228.9131144558,..,22.1333216084488
Low & middle income,LMY,2017,YR2017,4324.11326769747,..,9.19429755369803
Low & middle income,LMY,2018,YR2018,4625.94821472232,..,9.17860265406799
Low & middle income,LMY,2019,YR2019,4840.44933294107,..,9.56949803581777
Low & middle income,LMY,2020,YR2020,4666.72209291604,..,10.2920516332831
Low & middle income,LMY,2021,YR2021,5131.81556930976,..,10.9284388503425
Low & middle income,LMY,2022,YR2022,5498.6140920184,..,11.1531251783601
Low income,LIC,2017,YR2017,633.831905500043,..,25.9859287765501
Low income,LIC,2018,YR2018,640.234456903713,..,26.2947772633919
Low income,LIC,2019,YR2019,663.162943941614,..,26.2745402525408
Low income,LIC,2020,YR2020,645.783975145559,..,26.9291525753956
Low income,LIC,2021,YR2021,669.498534399497,..,27.3940813768992
Low income,LIC,2022,YR2022,711.656066392854,..,27.7906990631793
Lower middle income,LMC,2017,YR2017,1935.28289595526,..,10.8612371464266
Lower middle income,LMC,2018,YR2018,2079.1534962639,..,10.6950092419518
Lower middle income,LMC,2019,YR2019,2163.85995180699,..,11.5625750019777
Lower middle income,LMC,2020,YR2020,2047.82653749828,..,12.7567778685252
Lower middle income,LMC,2021,YR2021,2247.76673180149,..,13.7759666515197
Lower middle income,LMC,2022,YR2022,2442.50029852228,..,14.0338837432167
Middle East & North Africa,MEA,2017,YR2017,7197.5297307291,..,9.83042771846992
Middle East & North Africa,MEA,2018,YR2018,7500.82032848597,..,9.91981879271917
Middle East & North Africa,MEA,2019,YR2019,7647.5546680584,..,10.0583146053684
Middle East & North Africa,MEA,2020,YR2020,7053.70838782833,..,10.1655177391323
Middle East & North Africa,MEA,2021,YR2021,7538.75816136893,..,10.6720805900053
Middle East & North Africa,MEA,2022,YR2022,8329.23097416021,..,11.1964066336441
Middle East & North Africa (excluding high income),MNA,2017,YR2017,3771.83166219774,..,10.6870406808053
Middle East & North Africa (excluding high income),MNA,2018,YR2018,3758.57787745901,..,10.7868586114165
Middle East & North Africa (excluding high income),MNA,2019,YR2019,3649.096248893,..,10.948221991863
Middle East & North Africa (excluding high income),MNA,2020,YR2020,3286.14279179095,..,11.1070567501828
Middle East & North Africa (excluding high income),MNA,2021,YR2021,3482.54815798238,..,11.6939744269503
Middle East & North Africa (excluding high income),MNA,2022,YR2022,3782.32805754373,..,12.3738180112446
Middle East & North Africa (IDA & IBRD countries),TMN,2017,YR2017,3770.04228993519,..,10.6870406808053
Middle East & North Africa (IDA & IBRD countries),TMN,2018,YR2018,3753.66579328453,..,10.7868586114165
Middle East & North Africa (IDA & IBRD countries),TMN,2019,YR2019,3642.80973133509,..,10.948221991863
Middle East & North Africa (IDA & IBRD countries),TMN,2020,YR2020,3281.36022635439,..,11.1070567501828
Middle East & North Africa (IDA & IBRD countries),TMN,2021,YR2021,3473.36674416219,..,11.6939744269503
Middle East & North Africa (IDA & IBRD countries),TMN,2022,YR2022,3771.24589212895,..,12.3738180112446
Middle income,MIC,2017,YR2017,4736.74804479449,..,7.38738693503505
Middle income,MIC,2018,YR2018,5079.10342597865,..,7.30390972771861
Middle income,MIC,2019,YR2019,5324.10267167988,..,7.78279016331529
Middle income,MIC,2020,YR2020,5141.07955114889,..,8.44624568430136
Middle income,MIC,2021,YR2021,5667.99698590984,..,9.06546966829989
Middle income,MIC,2022,YR2022,6084.7386970432,..,9.23322147491008
North America,NAC,2017,YR2017,57501.0906705274,..,2.5
North America,NAC,2018,YR2018,61507.4420598594,..,2.5
North America,NAC,2019,YR2019,64210.6225818458,..,2.5
North America,NAC,2020,YR2020,62499.8984852874,..,2.5
North America,NAC,2021,YR2021,69162.7158956423,..,2.5
North America,NAC,2022,YR2022,74942.274325121,..,2.5
Not classified,INX,2017,YR2017,..,..,..
Not classified,INX,2018,YR2018,..,..,..
Not classified,INX,2019,YR2019,..,..,..
Not classified,INX,2020,YR2020,..,..,..
Not classified,INX,2021,YR2021,..,..,..
Not classified,INX,2022,YR2022,..,..,..
OECD members,OED,2017,YR2017,36680.8186046619,..,2.71694115301954
OECD members,OED,2018,YR2018,39098.8949833507,..,2.68576526063442
OECD members,OED,2019,YR2019,40401.2037336522,..,2.69013832982038
OECD members,OED,2020,YR2020,38814.3712605678,..,2.67306275823443
OECD members,OED,2021,YR2021,42834.9581194129,..,2.6950904356617
OECD members,OED,2022,YR2022,45357.977812971,..,2.70580946963919
Other small states,OSS,2017,YR2017,12280.2140519664,..,8.51305018553603
Other small states,OSS,2018,YR2018,13506.4658040887,..,8.25854807030446
Other small states,OSS,2019,YR2019,14322.7826953584,..,8.18506930690441
Other small states,OSS,2020,YR2020,13163.5741955126,..,8.26298141616029
Other small states,OSS,2021,YR2021,14186.6044852413,..,8.49149156453693
Other small states,OSS,2022,YR2022,15292.2437685846,..,8.64205667921841
Pacific island small states,PSS,2017,YR2017,3859.86985181746,..,9.97093833819005
Pacific island small states,PSS,2018,YR2018,4153.6766844184,..,9.67927455129069
Pacific island small states,PSS,2019,YR2019,4280.17390931371,..,9.73454149718874
Pacific island small states,PSS,2020,YR2020,3844.7890755958,..,10.4158776360173
Pacific island small states,PSS,2021,YR2021,3777.46109927354,..,10.9810585624876
Pacific island small states,PSS,2022,YR2022,4138.71598994347,..,11.2078936905747
Post-demographic dividend,PST,2017,YR2017,42138.603391266,..,2.53503886271403
Post-demographic dividend,PST,2018,YR2018,45083.1163993763,..,2.53714607058959
Post-demographic dividend,PST,2019,YR2019,46748.2155377008,..,2.5890887881537
Post-demographic dividend,PST,2020,YR2020,45043.4908162902,..,2.62431181406548
Post-demographic dividend,PST,2021,YR2021,49779.9342854311,..,2.69589548325135
Post-demographic dividend,PST,2022,YR2022,52805.273909959,..,2.72837048187337
Pre-demographic dividend,PRE,2017,YR2017,1295.7572935376,..,20.1141329896391
Pre-demographic dividend,PRE,2018,YR2018,1321.68285817034,..,20.0999208388519
Pre-demographic dividend,PRE,2019,YR2019,1398.77357187908,..,20.7001300298042
Pre-demographic dividend,PRE,2020,YR2020,1340.35544557091,..,21.4316008702781
Pre-demographic dividend,PRE,2021,YR2021,1377.89038717005,..,22.4367410846248
Pre-demographic dividend,PRE,2022,YR2022,1455.00687046836,..,23.2195251297654
Small states,SST,2017,YR2017,10955.3097811138,..,8.29509119676993
Small states,SST,2018,YR2018,11928.5718046255,..,8.03422071113728
Small states,SST,2019,YR2019,12579.6943676838,..,7.97445874828336
Small states,SST,2020,YR2020,11483.8527753591,..,8.14981070963548
Small states,SST,2021,YR2021,12318.8513245646,..,8.41713954041048
Small states,SST,2022,YR2022,13438.2441597285,..,8.56246525328877
South Asia,SAS,2017,YR2017,1732.495023259,..,10.8495050259498
South Asia,SAS,2018,YR2018,1915.43434024536,..,10.674379355004
South Asia,SAS,2019,YR2019,2000.79107058793,..,11.8616057528396
South Asia,SAS,2020,YR2020,1853.99684419777,..,13.4260609865561
South Asia,SAS,2021,YR2021,2084.17616224661,..,14.4965908133041
South Asia,SAS,2022,YR2022,2272.80149464407,..,14.5431024712128
South Asia (IDA & IBRD),TSA,2017,YR2017,1732.495023259,..,10.8495050259498
South Asia (IDA & IBRD),TSA,2018,YR2018,1915.43434024536,..,10.674379355004
South Asia (IDA & IBRD),TSA,2019,YR2019,2000.79107058793,..,11.8616057528396
South Asia (IDA & IBRD),TSA,2020,YR2020,1853.99684419777,..,13.4260609865561
South Asia (IDA & IBRD),TSA,2021,YR2021,2084.17616224661,..,14.4965908133041
South Asia (IDA & IBRD),TSA,2022,YR2022,2272.80149464407,..,14.5431024712128
Sub-Saharan Africa,SSF,2017,YR2017,1446.24808331056,..,18.9720742737313
Sub-Saharan Africa,SSF,2018,YR2018,1496.93466280067,..,19.1887350775071
Sub-Saharan Africa,SSF,2019,YR2019,1563.56958799389,..,19.9681298956106
Sub-Saharan Africa,SSF,2020,YR2020,1500.27687423353,..,20.7564533789429
Sub-Saharan Africa,SSF,2021,YR2021,1564.36030566323,..,21.629612443949
Sub-Saharan Africa,SSF,2022,YR2022,1630.14679312395,..,22.1400336092608
Sub-Saharan Africa (excluding high income),SSA,2017,YR2017,1444.94130187669,..,18.9735291272906
Sub-Saharan Africa (excluding high income),SSA,2018,YR2018,1495.52919273592,..,19.1902111123285
Sub-Saharan Africa (excluding high income),SSA,2019,YR2019,1562.101171129,..,19.969667029387
Sub-Saharan Africa (excluding high income),SSA,2020,YR2020,1499.1063410614,..,20.7580177640997
Sub-Saharan Africa (excluding high income),SSA,2021,YR2021,1563.2518893758,..,21.6312235118687
Sub-Saharan Africa (excluding high income),SSA,2022,YR2022,1628.84288577775,..,22.1419821893627
Sub-Saharan Africa (IDA & IBRD countries),TSS,2017,YR2017,1446.24808331056,..,18.9720742737313
Sub-Saharan Africa (IDA & IBRD countries),TSS,2018,YR2018,1496.93466280067,..,19.1887350775071
Sub-Saharan Africa (IDA & IBRD countries),TSS,2019,YR2019,1563.56958799389,..,19.9681298956106
Sub-Saharan Africa (IDA & IBRD countries),TSS,2020,YR2020,1500.27687423353,..,20.7564533789429
Sub-Saharan Africa (IDA & IBRD countries),TSS,2021,YR2021,1564.36030566323,..,21.629612443949
Sub-Saharan Africa (IDA & IBRD countries),TSS,2022,YR2022,1630.14679312395,..,22.1400336092608
Upper middle income,UMC,2017,YR2017,7648.77520232178,..,3.78030287242685
Upper middle income,UMC,2018,YR2018,8218.31736855562,..,3.7591802173405
Upper middle income,UMC,2019,YR2019,8654.48754362856,..,3.80377780731918
Upper middle income,UMC,2020,YR2020,8427.44636979458,..,3.87172925351539
Upper middle income,UMC,2021,YR2021,9333.25329709257,..,4.02318795308858
Upper middle income,UMC,2022,YR2022,10025.7234841097,..,4.04444171717923
World,WLD,2017,YR2017,10364.2004016278,..,7.3
World,WLD,2018,YR2018,11060.1115994668,..,7.3
World,WLD,2019,YR2019,11479.3661568037,..,7.8
World,WLD,2020,YR2020,11021.6547685077,..,8.3
World,WLD,2021,YR2021,12094.3168870775,..,8.9
World,WLD,2022,YR2022,12850.2080449497,..,9.1
,,,,,,
,,,,,,
,,,,,,
Data from database: World Development Indicators,,,,,,
Last Updated: 03/24/2025,,,,,,
